Component#1,Component#2,Smiles#1,Smiles#2,X#1,T_EP,PD,Type,groups,T_GBR,X_GBR,T_RFR,X_RFR,T_SVR,X_SVR,T_KNN,X_KNN
[C2Mim]Cl,ChCl,CCn1cc[n+](C)c1.[Cl-],C[N+](C)(C)CCO.[Cl-],0.6,303.4,Yes,IL mixture,0.0,344.78298708869323,0.8,385.9245225601703,0.8,321.27206140660644,0.7,357.57700000000006,0.7
[C2OHmim]Cl,ChCl,C[n+]1ccn(CCO)c1.[Cl-],C[N+](C)(C)CCO.[Cl-],0.5,323.5,Yes,IL mixture,1.0,341.63065996664847,0.75,377.5874289055175,0.8,326.45812630516303,0.7,336.21000000000004,0.7
[C4Mpyr]Cl,ChCl,CCCC[N+]1(C)CCCC1.[Cl-],C[N+](C)(C)CCO.[Cl-],0.4,419.6,Yes,IL mixture,2.0,421.73864314148494,0.6,424.4506858187227,0.5,439.6055022089807,0.65,444.274,0.6
[C4Py]Cl,ChCl,CCCC[n+]1ccccc1.[Cl-],C[N+](C)(C)CCO.[Cl-],0.6,363.32,Yes,IL mixture,3.0,400.47788619480934,0.6,405.0620244265164,0.65,385.046483900473,0.65,398.59000000000003,0.6
[Ch][OAc],ChCl,CC(=O)[O-].C[N+](C)(C)CCO,C[N+](C)(C)CCO.[Cl-],0.6,313.3,Yes,IL mixture,4.0,365.63991797422625,0.7,385.6241307801908,0.8,331.94127291010966,0.7,329.42999999999995,0.8
[Ch][OAc],Urea,CC(=O)[O-].C[N+](C)(C)CCO,NC(N)=O,0.35,291.15,No,Type III,5.0,296.09381098720723,0.6,323.4702396231827,0.65,301.2700285378138,0.55,294.7259,0.7
[MeCh]Cl,ChCl,COCC[N+](C)(C)C.[Cl-],C[N+](C)(C)CCO.[Cl-],0.5,411.7,Yes,IL mixture,6.0,405.2412867790302,0.75,391.45690798132176,0.8,402.58367438471356,0.65,388.417,0.7
[N1111]Cl,[NH4]Cl,C[N+](C)(C)C.[Cl-],[Cl-].[NH4+],0.4,497.82,Yes,IL mixture,7.0,467.3683745557099,0.55,392.0945678606155,0.25,498.372689587025,0.6,511.1000000000001,0.8
[N2222]Cl,[N1111]Cl,CC[N+](CC)(CC)CC.[Cl-],C[N+](C)(C)C.[Cl-],0.6,447.7,Yes,IL mixture,8.0,483.5174172008056,0.65,481.03661557275177,0.65,473.7751945486086,0.65,465.12000000000006,0.7
[N2222]Cl,ChCl,CC[N+](CC)(CC)CC.[Cl-],C[N+](C)(C)CCO.[Cl-],0.5,503.3,Yes,IL mixture,9.0,444.56320538658247,0.6,434.32569378148037,0.6,491.48836925989656,0.55,446.236,0.8
[N3333]Cl,[N1111]Cl,CCC[N+](CCC)(CCC)CCC.[Cl-],C[N+](C)(C)C.[Cl-],0.6,360.7,Yes,IL mixture,10.0,490.1553213323942,0.55,488.63984370055755,0.4,449.4912858480734,0.65,489.8,0.6
[N3333]Cl,ChCl,CCC[N+](CCC)(CCC)CCC.[Cl-],C[N+](C)(C)CCO.[Cl-],0.5,478.2,Yes,IL mixture,11.0,424.8936698202684,0.5,422.50123110761734,0.6,460.12433141324885,0.55,447.52200000000005,0.6
[N4444]Br,Malonic Acid,CCCC[N+](CCCC)(CCCC)CCCC.[Br-],O=C(O)CC(=O)O,0.5,255.17,No,Type III,12.0,318.6519029149351,0.65,327.02337729159865,0.55,342.8329831558028,0.7,315.779,0.65
[N4444]Br,Oxalic Acid,CCCC[N+](CCCC)(CCCC)CCCC.[Br-],O=C(O)C(=O)O,0.5,250.99,No,Type III,13.0,318.2127100068784,0.5,321.6720524558649,0.5,332.3361687329544,0.8,329.004,0.55
[N4444]Cl,Arginine,CCCC[N+](CCCC)(CCCC)CCCC.[Cl-],NC(=[NH2+])NCCC[C@H](N)C(=O)[O-],0.85,298.22,No,Type III,14.0,313.0763149852233,0.8,347.095001390106,0.2,262.12041981135616,0.65,289.73199999999997,0.75
[N4444]Cl,Aspartic acid,CCCC[N+](CCCC)(CCCC)CCCC.[Cl-],[NH3+][C@@H](CC(=O)O)C(=O)[O-],0.9,298.23,No,Type III,15.0,337.60173025881875,0.5,329.4341098295123,0.5,306.526501111855,0.8,321.054,0.8
[N4444]Cl,ChCl,CCCC[N+](CCCC)(CCCC)CCCC.[Cl-],C[N+](C)(C)CCO.[Cl-],0.5,316.3,Yes,IL mixture,16.0,379.72242702739874,0.65,419.08000098396303,0.5,326.1543171702319,0.75,368.47499999999997,0.7
[N4444]Cl,Glutamic acid,CCCC[N+](CCCC)(CCCC)CCCC.[Cl-],[NH3+][C@@H](CCC(=O)O)C(=O)[O-],0.9,302.01,No,Type III,17.0,322.0803745304771,0.5,322.38413714439156,0.5,293.06190678379534,0.75,320.01099999999997,0.8
[N4444]Cl,L-Methionine,CCCC[N+](CCCC)(CCCC)CCCC.[Cl-],CSCC[C@H]([NH3+])C(=O)[O-],0.9,292.26,No,Type III,18.0,319.70547067280955,0.55,326.153029716014,0.5,299.1638126441853,0.8,302.214,0.65
[N4444]Cl,L-Serine,CCCC[N+](CCCC)(CCCC)CCCC.[Cl-],[NH3+][C@@H](CO)C(=O)[O-],0.9,298.06,No,Type III,19.0,334.9298541949991,0.75,350.1889871188414,0.25,312.16560507173017,0.75,317.41100000000006,0.8
[N4444]Cl,L-Threonine,CCCC[N+](CCCC)(CCCC)CCCC.[Cl-],C[C@@H](O)[C@H]([NH3+])C(=O)[O-],0.9,293.36,No,Type III,20.0,353.3541267862311,0.65,342.05128595256633,0.35,299.99181523720273,0.8,317.649,0.75
[N4444]Cl,Urea,CCCC[N+](CCCC)(CCCC)CCCC.[Cl-],NC(N)=O,0.8,300.29,No,Type III,21.0,307.9966639472659,0.65,320.68913214945314,0.4,287.4149209585117,0.6,296.25550000000004,0.7
[N5555]Br,Erythritol,CCCCC[N+](CCCCC)(CCCCC)CCCCC.[Br-],OC[C@H](O)[C@H](O)CO,0.6,344.7,Yes,Type III,22.0,292.2528836673466,0.6,326.07523618152226,0.5,350.1415151517903,0.55,288.51099999999997,0.8
"1,1-Dimethylurea",ChCl,CN(C)C(N)=O,C[N+](C)(C)CCO.[Cl-],0.6,392.15,No,Type III,23.0,356.60888893925227,0.65,361.57671212861976,0.75,361.33083228443013,0.6,315.919,0.75
"1,3-Dimethylurea",[N2222]Br,CNC(=O)NC,CC[N+](CC)(CC)CC.[Br-],0.65,296.15,No,Type III,24.0,339.13074581312003,0.7,333.69728668352406,0.75,346.64873461248123,0.7,349.165,0.7
"1,3-Dimethylurea",ChCl,CNC(=O)NC,C[N+](C)(C)CCO.[Cl-],0.6,329.15,No,Type III,25.0,308.68348166282937,0.65,333.10444965236616,0.75,327.8337553004205,0.7,299.1103,0.75
"1,8-Cineole",Ibuprofen,CC12CCC(CC1)C(C)(C)O2,CC(C)Cc1ccc(C(C)C(=O)O)cc1,0.6,260.15,No,Type V,26.0,277.61180156002644,0.65,292.4516360416611,0.65,274.5595870651471,0.7,295.44190000000003,0.5
1-Methylurea,ChCl,CNC(N)=O,C[N+](C)(C)CCO.[Cl-],0.65,302.15,No,Type III,27.0,306.00303497182045,0.55,332.2648583000853,0.7,320.90149265669163,0.7,305.35240000000005,0.55
"2,2,2-Trifluoroacetamide",ChCl,NC(=O)C(F)(F)F,C[N+](C)(C)CCO.[Cl-],0.7,229.0,No,Type III,28.0,306.70931637283195,0.55,329.49969455141957,0.65,310.57923757947765,0.65,312.323,0.65
"2,2,2-Trifluoroacetamide",Ethylammonium chloride,NC(=O)C(F)(F)F,CC[NH3+].[Cl-],0.6,294.0,Yes,Type III,29.0,305.2276662383745,0.65,324.41763076787237,0.5,293.057703931432,0.6,307.85,0.1
"2,3-Xylenol",ChCl,Cc1cccc(O)c1C,C[N+](C)(C)CCO.[Cl-],0.75,290.8,No,Type III,30.0,308.99703044017144,0.75,326.6186399142152,0.75,303.3462522930932,0.7,273.885,0.8
"2,4,6-Trimethylphenol",ChCl,Cc1cc(C)c(O)c(C)c1,C[N+](C)(C)CCO.[Cl-],0.65,307.06,Yes,Type III,31.0,309.0574132681142,0.7,331.1084727008641,0.8,311.74089064669454,0.7,285.50559768,0.8
"3,4-Dimethylphenol",ChCl,Cc1ccc(O)cc1C,C[N+](C)(C)CCO.[Cl-],0.65,273.16,No,Type III,32.0,312.4738426362619,0.8,326.95018272739287,0.8,299.7507278567724,0.75,277.405,0.8
4-Hydroxybenzoic acid,ChCl,O=C(O)c1ccc(O)cc1,C[N+](C)(C)CCO.[Cl-],0.35,360.15,No,Type III,33.0,343.97859110944376,0.45,356.69987585574097,0.45,366.43111196650096,0.5,337.891,0.45
5-Phenylvaleric Acid,ChCl,O=C(O)CCCCc1ccccc1,C[N+](C)(C)CCO.[Cl-],0.6,293.15,No,Type III,34.0,322.74225709812646,0.75,329.35079281685313,0.7,309.8515498427554,0.75,316.783,0.65
Acetamide,ChCl,CC(N)=O,C[N+](C)(C)CCO.[Cl-],0.65,324.16,No,Type III,35.0,303.5583849370367,0.65,323.0557646505701,0.75,306.92734761867837,0.7,289.591,0.65
Acetamide,Ethylammonium chloride,CC(N)=O,CC[NH3+].[Cl-],0.6,293.15,Yes,Type III,36.0,305.10185847789955,0.65,324.9228001671575,0.6,309.4400913462865,0.6,296.195,0.1
Acetic acid,[N4444]Br,CC(=O)O,CCCC[N+](CCCC)(CCCC)CCCC.[Br-],0.5,254.7,No,Type III,37.0,281.0588187322296,0.8,294.4807236753064,0.8,274.11467534519375,0.7,282.73446056,0.8
Acetylsalicylic Acid,ChCl,CC(=O)Oc1ccccc1C(=O)O,C[N+](C)(C)CCO.[Cl-],0.7,340.65,Yes,Type III,38.0,347.1018178760819,0.65,347.14164330845614,0.65,349.6525376136796,0.6,332.54900000000004,0.5
Adiphenine,Acetylsalicylic Acid,CCN(CC)CCOC(=O)C(c1ccccc1)c1ccccc1,CC(=O)Oc1ccccc1C(=O)O,0.35,250.15,No,Type V,39.0,315.37206102136344,0.45,319.8964250638442,0.45,300.27727546848547,0.55,291.122,0.8
Adiphenine,Urea,CCN(CC)CCOC(=O)C(c1ccccc1)c1ccccc1,NC(N)=O,0.35,228.15,No,Type V,40.0,321.3308263031062,0.6,324.29757903496386,0.5,345.71461519142036,0.55,274.7,0.65
Adipic Acid,[N2222]Br,O=C(O)CCCCC(=O)O,CC[N+](CC)(CC)CC.[Br-],0.5,347.86,No,Type III,41.0,360.880751633165,0.55,357.77475520610517,0.6,364.0738813232638,0.65,343.09,0.65
Adipic Acid,[N3333]Br,O=C(O)CCCCC(=O)O,CCC[N+](CCC)(CCC)CCC.[Br-],0.5,332.0,No,Type III,42.0,355.66479084240814,0.55,354.33676416743754,0.75,362.3632860547898,0.6,346.0,0.6
Adipic Acid,ChCl,O=C(O)CCCCC(=O)O,C[N+](C)(C)CCO.[Cl-],0.5,358.15,No,Type III,43.0,351.4167943767324,0.6,355.00797368553964,0.65,351.76805464694047,0.65,345.87199999999996,0.8
Arabinose,ChCl,O[C@H]1CO[C@H](O)[C@H](O)[C@H]1O,C[N+](C)(C)CCO.[Cl-],0.5,322.22,Yes,Type III,44.0,344.6215726669464,0.6,353.0650449048134,0.6,350.30982512155174,0.6,312.96400000000006,0.45
Benzamide,ChCl,NC(=O)c1ccccc1,C[N+](C)(C)CCO.[Cl-],0.6,362.15,No,Type III,45.0,341.8833033706777,0.5,354.0578247849379,0.5,335.8675972433415,0.65,296.84026751999994,0.8
Benzoic Acid,Betaine,O=C(O)c1ccccc1,C[N+](C)(C)CC(=O)[O-],0.6,326.15,Yes,Type III,46.0,349.28431890157657,0.5,343.27272276942193,0.55,347.0211921282071,0.65,309.038,0.55
Benzoic Acid,ChCl,O=C(O)c1ccccc1,C[N+](C)(C)CCO.[Cl-],0.7,351.15,No,Type III,47.0,323.23492536580255,0.7,336.01287721693785,0.8,336.4082584025259,0.65,323.68189000000007,0.7
Benzyldimethyl-2-hydroxyethyl-ammonium chloride,ChCl,C[N+](C)(CCO)Cc1ccccc1.[Cl-],C[N+](C)(C)CCO.[Cl-],0.6,305.7,Yes,IL mixture,48.0,363.294293756506,0.6,375.5107380556496,0.8,328.471940821629,0.7,345.10900000000004,0.7
Caffeic acid,ChCl,O=C(O)/C=C/c1ccc(O)c(O)c1,C[N+](C)(C)CCO.[Cl-],0.35,340.15,No,Type III,49.0,380.8245340247446,0.55,367.3737498030547,0.5,378.9522024326516,0.55,340.7692,0.5
Capric Acid,[N1111]Cl,CCCCCCCCCC(=O)O,C[N+](C)(C)C.[Cl-],0.8,303.75,Yes,Type III,50.0,320.0594930280191,0.75,320.44478277943415,0.65,300.491872728722,0.8,319.609,0.75
Capric Acid,[N2222]Cl,CCCCCCCCCC(=O)O,CC[N+](CC)(CC)CC.[Cl-],0.7,301.66,Yes,Type III,51.0,313.07499754414977,0.8,318.7123820390467,0.75,305.693145319451,0.8,318.935,0.8
Capric Acid,[N3333]Cl,CCCCCCCCCC(=O)O,CCC[N+](CCC)(CCC)CCC.[Cl-],0.8,295.57,Yes,Type III,52.0,304.9172953144797,0.55,310.24005327602293,0.7,288.2105518508216,0.7,309.84000000000003,0.65
Capric Acid,[N4444]Cl,CCCCCCCCCC(=O)O,CCCC[N+](CCCC)(CCCC)CCCC.[Cl-],0.65,261.2,No,Type III,53.0,295.0064925915479,0.5,310.792838312445,0.8,287.5015891425187,0.65,302.52,0.55
Capric Acid,ChCl,CCCCCCCCCC(=O)O,C[N+](C)(C)CCO.[Cl-],0.7,304.1,Yes,Type III,54.0,308.72287494971863,0.7,319.78473557085454,0.8,296.1089113667603,0.75,314.264,0.65
Capric Acid,Lauric Acid,CCCCCCCCCC(=O)O,CCCCCCCCCCCC(=O)O,0.75,294.35,Yes,Type V,55.0,310.8458730103822,0.65,313.64214370870195,0.65,303.6429893902104,0.6,293.371,0.65
Capric Acid,Lidocaine,CCCCCCCCCC(=O)O,CCN(CC)CC(=O)Nc1c(C)cccc1C,0.5,212.15,No,Type V,56.0,293.0785325878549,0.65,307.5786052632743,0.65,278.30978754203676,0.6,263.98699999999997,0.5
Capric Acid,Menthol,CCCCCCCCCC(=O)O,CC(C)[C@@H]1CC[C@@H](C)C[C@H]1O,0.4,279.0,Yes,Type V,57.0,292.0826888283451,0.65,310.2875496984701,0.65,292.49604036490655,0.5,281.563,0.5
Capric Acid,Myristic Acid,CCCCCCCCCC(=O)O,CCCCCCCCCCCCCC(=O)O,0.8,296.78,Yes,Type V,58.0,295.16697799802273,0.65,309.8043033791499,0.75,311.8732078684019,0.55,308.82,0.8
Capric Acid,Palmitic Acid,CCCCCCCCCC(=O)O,CCCCCCCCCCCCCCCC(=O)O,0.85,299.28,Yes,Type V,59.0,304.5779167816393,0.65,312.02513372493354,0.65,306.1579701180147,0.8,310.79699999999997,0.8
Capric Acid,Stearic Acid,CCCCCCCCCC(=O)O,CCCCCCCCCCCCCCCCCC(=O)O,0.9,301.72,Yes,Type V,60.0,310.6970420815822,0.8,310.86973570953074,0.65,316.88521570108514,0.8,323.126,0.8
Capric Acid,Thymol,CCCCCCCCCC(=O)O,Cc1ccc(C(C)C)c(O)c1,0.5,287.84,Yes,Type V,61.0,295.2413649828507,0.65,309.43639507651096,0.5,292.04062085383623,0.55,291.735,0.55
Caprylic Acid,Capric Acid,CCCCCCCC(=O)O,CCCCCCCCCC(=O)O,0.7,278.36,Yes,Type V,62.0,276.07740577747984,0.7,289.7174706534212,0.65,287.2327433582674,0.6,282.943,0.8
Caprylic Acid,Menthol,CCCCCCCC(=O)O,CC(C)[C@@H]1CC[C@@H](C)C[C@H]1O,0.5,267.0,Yes,Type V,63.0,265.77333524066256,0.7,284.87429244123706,0.75,281.5852791056146,0.6,282.3935,0.5
Caprylic Acid,Thymol,CCCCCCCC(=O)O,Cc1ccc(C(C)C)c(O)c1,0.6,274.98,Yes,Type V,64.0,258.8655861800598,0.7,286.72866652669717,0.7,280.5358571370034,0.65,289.58400000000006,0.65
ChCl,[N1111]Cl,C[N+](C)(C)CCO.[Cl-],C[N+](C)(C)C.[Cl-],0.5,473.4,Yes,IL mixture,65.0,491.4704143806501,0.65,468.67983789026124,0.75,487.7397997590763,0.6,445.20799999999997,0.8
ChCl,[NH4]Cl,C[N+](C)(C)CCO.[Cl-],[Cl-].[NH4+],0.5,473.8,Yes,IL mixture,66.0,442.1168692687313,0.5,382.92818287852975,0.35,516.2993330232902,0.55,534.113,0.5
Citric Acid,ChCl,O=C(O)CC(O)(CC(=O)O)C(=O)O,C[N+](C)(C)CCO.[Cl-],0.3,343.55,Yes,Type III,67.0,349.80596371597244,0.5,348.47550311933855,0.5,350.7287351406648,0.6,332.715,0.45
Cyclohexanecarboxylic Acid,Menthol,O=C(O)C1CCCCC1,CC(C)[C@@H]1CC[C@@H](C)C[C@H]1O,0.5,265.0,No,Type V,68.0,264.1059048020609,0.65,297.548787377432,0.7,283.0037908502476,0.55,277.3009,0.55
Cyclohexylpropionic Acid,Menthol,O=C(O)CCC1CCCCC1,CC(C)[C@@H]1CC[C@@H](C)C[C@H]1O,0.5,262.12,Yes,Type V,69.0,261.72852060230616,0.55,289.7974335477698,0.6,272.1339072722101,0.65,280.135,0.55
DL-camphor,Betaine,CC12CCC(CC1=O)C2(C)C,C[N+](C)(C)CC(=O)[O-],0.7,384.0,Yes,Type III,70.0,381.34436773070007,0.55,366.8603984372211,0.8,368.42945831916404,0.6,360.28999999999996,0.8
DL-camphor,ChCl,CC12CCC(CC1=O)C2(C)C,C[N+](C)(C)CCO.[Cl-],0.5,328.7,Yes,Type III,71.0,392.4397413739219,0.55,390.91850488295563,0.7,373.20382037520443,0.6,363.46200000000005,0.45
D-Mannitol,ChCl,OC[C@@H](O)[C@@H](O)[C@H](O)[C@H](O)CO,C[N+](C)(C)CCO.[Cl-],0.5,385.15,No,Type III,72.0,349.8897350330629,0.5,351.79576307308594,0.6,352.1469389841089,0.6,302.65,0.55
Erythritol,[N3333]Br,OC[C@H](O)[C@H](O)CO,CCC[N+](CCC)(CCC)CCC.[Br-],0.6,347.8,Yes,Type III,73.0,310.2227921498195,0.65,325.3333647899099,0.75,310.8597715462624,0.6,289.285,0.75
Erythritol,ChCl,OC[C@H](O)[C@H](O)CO,C[N+](C)(C)CCO.[Cl-],0.5,257.15,No,Type III,74.0,338.7698357334046,0.7,343.08852063038086,0.75,329.1711136978203,0.65,298.8349999999999,0.65
Ethylammonium chloride,Urea,CC[NH3+].[Cl-],NC(N)=O,0.4,300.454,Yes,Type III,75.0,306.6372613951367,0.55,323.55712803962706,0.5,269.7035715973075,0.5,270.142,0.7
Ethylene Glycol,[Ch][OAc],OCCO,CC(=O)[O-].C[N+](C)(C)CCO,0.65,296.15,No,Type III,76.0,259.2137797594777,0.65,287.0900673095857,0.65,259.8219807189111,0.7,279.95799999999997,0.55
Ethylene Glycol,[N3333]Br,OCCO,CCC[N+](CCC)(CCC)CCC.[Br-],0.8,249.75,No,Type III,77.0,274.21595561380974,0.75,303.8288573919901,0.8,266.6006447166479,0.75,281.82000000000005,0.8
Ethylene Glycol,[N3333]Cl,OCCO,CCC[N+](CCC)(CCC)CCC.[Cl-],0.8,249.75,No,Type III,78.0,268.4264842799967,0.7,285.99599252326425,0.8,238.27579943032325,0.75,308.414,0.75
Ethylene Glycol,[N4444]Br,OCCO,CCCC[N+](CCCC)(CCCC)CCCC.[Br-],0.65,248.22,No,Type III,79.0,268.29942878076696,0.75,283.49318278634547,0.8,234.5146713494854,0.75,246.14299999999997,0.75
Ethylene Glycol,[N4444]Cl,OCCO,CCCC[N+](CCCC)(CCCC)CCCC.[Cl-],0.75,242.27,No,Type III,80.0,256.9872701993096,0.8,283.27117796693466,0.8,221.75533892782357,0.75,276.7969999999999,0.65
Ethylene Glycol,Benzyltriphenylphosphonium chloride,OCCO,[Cl-].c1ccc(C[P+](c2ccccc2)(c2ccccc2)c2ccccc2)cc1,0.75,321.06,No,Type III,81.0,276.37288436874536,0.7,295.37086238438656,0.7,288.4174196209677,0.75,271.802,0.8
Ethylene Glycol,ChCl,OCCO,C[N+](C)(C)CCO.[Cl-],0.8,236.71,No,Type III,82.0,267.6130136307601,0.65,311.24614700155007,0.75,246.67290977541785,0.8,270.01899999999995,0.75
Ethylene Glycol,Methyltriphenylphosphonium bromide,OCCO,C[P+](c1ccccc1)(c1ccccc1)c1ccccc1.[Br-],0.8,223.81,No,Type III,83.0,276.34031534330126,0.65,289.68007831221996,0.75,274.292754076966,0.75,289.12,0.8
Ethylene Glycol,"N,N-Diethylethanolammonium chloride",OCCO,CC[NH+](CC)CCO.[Cl-],0.65,242.15,No,Type III,84.0,249.3771258781994,0.7,282.3471036241432,0.7,253.96084427306812,0.75,268.784,0.8
Fructose,ChCl,OC[C@@]1(O)OC[C@@H](O)[C@@H](O)[C@@H]1O,C[N+](C)(C)CCO.[Cl-],0.35,283.15,No,Type III,85.0,309.9276962674033,0.5,337.34992356232453,0.65,327.4758378564026,0.65,306.091,0.55
Furfuryl alcohol,ChCl,OCc1ccco1,C[N+](C)(C)CCO.[Cl-],0.75,237.4,No,Type III,86.0,282.35006934100835,0.5,312.8673430014092,0.8,257.83171497512916,0.8,280.50645636999997,0.8
Gallic acid,ChCl,O=C(O)c1cc(O)c(O)c(O)c1,C[N+](C)(C)CCO.[Cl-],0.35,350.15,No,Type III,87.0,405.43992365074797,0.5,358.68144148675657,0.45,364.6505354626521,0.5,338.269,0.4
Glucose,ChCl,OC[C@H]1O[C@H](O)[C@H](O)[C@@H](O)[C@@H]1O,C[N+](C)(C)CCO.[Cl-],0.35,288.15,No,Type III,88.0,355.95057297113743,0.55,356.27517338479925,0.45,343.24727344771617,0.6,322.23400000000004,0.6
Glutamic acid,ChCl,[NH3+][C@@H](CCC(=O)O)C(=O)[O-],C[N+](C)(C)CCO.[Cl-],0.65,286.15,No,Type III,89.0,350.4682979754156,0.55,358.67210131775795,0.55,370.0696516243139,0.55,331.93510000000003,0.55
Glutaric Acid,[N2222]Br,O=C(O)CCCC(=O)O,CC[N+](CC)(CC)CC.[Br-],0.6,307.5,Yes,Type III,90.0,345.4677333217346,0.6,334.1721245681125,0.6,345.36871220184065,0.65,350.28,0.8
Glutaric Acid,ChCl,O=C(O)CCCC(=O)O,C[N+](C)(C)CCO.[Cl-],0.5,304.55,Yes,Type III,91.0,329.1435560388815,0.8,333.16918710589147,0.75,318.02596746703404,0.7,301.287,0.55
Glycerol,[Ch][OAc],OCC(O)CO,CC(=O)[O-].C[N+](C)(C)CCO,0.6,286.15,No,Type III,92.0,256.1774116243398,0.65,282.0343377657704,0.65,267.68445929445505,0.65,273.895,0.65
Glycerol,[N3333]Br,OCC(O)CO,CCC[N+](CCC)(CCC)CCC.[Br-],0.75,257.05,No,Type III,93.0,290.9738607114156,0.65,292.5946291608165,0.8,276.6871946836708,0.75,301.16999999999996,0.75
Glycerol,[N4444]Br,OCC(O)CO,CCCC[N+](CCCC)(CCCC)CCCC.[Br-],0.8,249.09,No,Type III,94.0,279.623700256141,0.75,288.52397626182454,0.8,256.1358699233066,0.7,257.255,0.8
Glycerol,[N4444]Cl,OCC(O)CO,CCCC[N+](CCCC)(CCCC)CCCC.[Cl-],0.85,230.37,No,Type III,95.0,264.72178478350423,0.75,288.46425998888003,0.75,266.1359093153362,0.65,285.65999999999997,0.75
Glycerol,Benzyltriphenylphosphonium chloride,OCC(O)CO,[Cl-].c1ccc(C[P+](c2ccccc2)(c2ccccc2)c2ccccc2)cc1,0.85,323.51,No,Type III,96.0,302.41678311606506,0.75,297.47788956826656,0.7,318.33560657024157,0.8,273.196,0.8
Glycerol,ChCl,OCC(O)CO,C[N+](C)(C)CCO.[Cl-],0.65,237.0,No,Type III,97.0,275.24578700755006,0.75,308.42779657621827,0.75,266.35108039848166,0.75,264.10900000000004,0.8
Glycerol,Methyltriphenylphosphonium bromide,OCC(O)CO,C[P+](c1ccccc1)(c1ccccc1)c1ccccc1.[Br-],0.75,267.6,No,Type III,98.0,275.53385554863274,0.75,282.55634509977097,0.65,282.92677164767866,0.8,259.14399999999995,0.8
Glycerol,"N,N-Diethylethanolammonium chloride",OCC(O)CO,CC[NH+](CC)CCO.[Cl-],0.65,271.82,No,Type III,99.0,251.32315339173664,0.65,286.6272380414213,0.7,267.8739052744253,0.7,258.63800000000003,0.75
Glycerol,Phenformin,OCC(O)CO,NC(N)=NC(N)=NCCc1ccccc1,0.65,204.15,No,Type V,100.0,266.61663724187207,0.55,287.3942367471367,0.65,276.7055967228615,0.8,290.58299999999997,0.65
Glycerol,Ranitidine,OCC(O)CO,CN/C(=C\[N+](=O)[O-])NCCSCc1ccc(CN(C)C)o1,0.65,186.15,No,Type V,101.0,285.113072717892,0.75,286.99604938677953,0.8,308.63909607179954,0.8,318.62100000000004,0.8
Glycerol,Tetracycline,OCC(O)CO,CN(C)[C@@H]1C(=O)C(C(N)=O)=C(O)[C@@]2(O)C(=O)C3=C(O)c4c(O)cccc4[C@@](C)(O)[C@H]3C[C@@H]12,0.65,335.15,No,Type V,102.0,284.02766862537266,0.7,282.7929257951525,0.7,346.6150988864544,0.8,319.6896,0.8
Glycerol,Ticlopidine,OCC(O)CO,Clc1ccccc1CN1CCc2sccc2C1,0.65,340.15,No,Type V,103.0,281.4422646580941,0.65,288.25012751137285,0.65,356.74544982221164,0.8,317.70160000000004,0.8
Glycolic Acid,Betaine,O=C(O)CO,C[N+](C)(C)CC(=O)[O-],0.65,237.15,Yes,Type III,104.0,342.5862587156602,0.7,336.0694565961751,0.7,320.55332939869226,0.75,344.8829999999999,0.8
Glycolic Acid,ChCl,O=C(O)CO,C[N+](C)(C)CCO.[Cl-],0.55,287.45,Yes,Type III,105.0,302.18407865629376,0.75,326.90469240651106,0.7,306.60870087987473,0.7,306.74800000000005,0.65
Hexadecan-1-ol,[N1111]Cl,CCCCCCCCCCCCCCCCO,C[N+](C)(C)C.[Cl-],0.6,328.3,Yes,Type III,106.0,334.3198108000738,0.65,330.0581392899856,0.65,319.6963366555326,0.8,321.472,0.8
Hexadecan-1-ol,[N4444]Cl,CCCCCCCCCCCCCCCCO,CCCC[N+](CCCC)(CCCC)CCCC.[Cl-],0.6,301.6,Yes,Type III,107.0,294.0487750812089,0.5,313.6607760431766,0.7,298.73000481976806,0.6,306.19,0.55
Hexadecan-1-ol,ChCl,CCCCCCCCCCCCCCCCO,C[N+](C)(C)CCO.[Cl-],0.5,318.55,Yes,Type III,108.0,322.8559856720753,0.8,327.35039235442594,0.8,311.5161574259002,0.75,322.058,0.7
Hexanoic acid,Lidocaine,CCCCCC(=O)O,CCN(CC)CC(=O)Nc1c(C)cccc1C,0.5,217.15,No,Type V,109.0,266.92353476207455,0.7,278.82408458152474,0.65,255.31141835510323,0.75,260.2364,0.6
Hydroquinone ,ChCl,Oc1ccc(O)cc1,C[N+](C)(C)CCO.[Cl-],0.5,332.16,Yes,Type III,110.0,347.5384507441811,0.45,355.48927296272683,0.5,343.8753777527809,0.6,319.52419999999995,0.75
Ibuprofen,ChCl,CC(C)Cc1ccc(C(C)C(=O)O)cc1,C[N+](C)(C)CCO.[Cl-],0.6,326.05,Yes,Type III,111.0,318.34088083182303,0.65,326.59116646362884,0.8,327.17102875747963,0.7,324.75980000000004,0.65
Imidazole,[N4444]Br,c1c[nH]cn1,CCCC[N+](CCCC)(CCCC)CCCC.[Br-],0.7,294.4965504,Yes,Type III,112.0,317.14709248665304,0.75,317.50089363623437,0.75,331.2581558226253,0.65,282.01199999999994,0.55
Imidazole,ChCl,c1c[nH]cn1,C[N+](C)(C)CCO.[Cl-],0.7,329.2685869,Yes,Type III,113.0,299.26684786222444,0.7,326.306823610122,0.7,302.76378474879436,0.7,269.765,0.75
Itaconic acid,ChCl,C=C(CC(=O)O)C(=O)O,C[N+](C)(C)CCO.[Cl-],0.5,330.15,No,Type III,114.0,346.321380512913,0.45,355.45999070920425,0.5,354.79110803537355,0.55,346.664,0.45
Ketoprofen,ChCl,CC(C(=O)O)c1cccc(C(=O)c2ccccc2)c1,C[N+](C)(C)CCO.[Cl-],0.7,349.75,Yes,Type III,115.0,327.69255580498253,0.7,332.3838219349005,0.7,342.04201834010206,0.65,333.511,0.55
Lactic Acid,Alanine,CC(O)C(=O)O,CC([NH3+])C(=O)[O-],0.5,298.15,No,Type III,116.0,276.67011454806845,0.75,309.6662093503307,0.65,225.8719005711242,0.65,300.345,0.7
Lactic Acid,Benzyltripropylammonium chloride,CC(O)C(=O)O,CCC[N+](CCC)(CCC)Cc1ccccc1.[Cl-],0.75,216.279,Yes,Type III,117.0,280.4443797750199,0.65,290.4804268514054,0.8,303.1613597227072,0.65,298.727,0.8
Lactic Acid,Betaine,CC(O)C(=O)O,C[N+](C)(C)CC(=O)[O-],0.5,298.15,No,Type III,118.0,298.27979604040456,0.65,311.73505845937905,0.65,286.78422255379854,0.75,319.12399999999997,0.8
Lactic Acid,ChCl,CC(O)C(=O)O,C[N+](C)(C)CCO.[Cl-],0.9,287.75,Yes,Type III,119.0,277.73375352791277,0.65,307.2600737493544,0.75,276.3717567939852,0.75,302.35191,0.6
Lauric Acid,[N1111]Cl,CCCCCCCCCCCC(=O)O,C[N+](C)(C)C.[Cl-],0.7,312.55,Yes,Type III,120.0,342.0306166298861,0.75,331.50020193423705,0.75,319.78352981285417,0.8,325.29100000000005,0.8
Lauric Acid,[N2222]Cl,CCCCCCCCCCCC(=O)O,CC[N+](CC)(CC)CC.[Cl-],0.7,303.82,Yes,Type III,121.0,325.1423954951887,0.65,319.3739897883207,0.8,314.6487695229337,0.75,319.791,0.7
Lauric Acid,[N3333]Cl,CCCCCCCCCCCC(=O)O,CCC[N+](CCC)(CCC)CCC.[Cl-],0.7,295.7,Yes,Type III,122.0,317.14599710388876,0.55,318.2506045591111,0.75,298.1953469323499,0.7,313.85,0.7
Lauric Acid,ChCl,CCCCCCCCCCCC(=O)O,C[N+](C)(C)CCO.[Cl-],0.65,313.2,Yes,Type III,123.0,324.7894252547993,0.6,320.31658294371863,0.7,309.3882641313879,0.75,318.09299999999996,0.7
Lauric Acid,Ibuprofen,CCCCCCCCCCCC(=O)O,CC(C)Cc1ccc(C(C)C(=O)O)cc1,0.7,308.39,Yes,Type V,124.0,313.93815000566457,0.7,314.4483807266503,0.5,311.0757778589235,0.65,310.755,0.55
Lauric Acid,Lidocaine,CCCCCCCCCCCC(=O)O,CCN(CC)CC(=O)Nc1c(C)cccc1C,0.55,279.15,No,Type V,125.0,298.9387402766369,0.65,311.1290899949733,0.5,275.9506112279903,0.6,263.621,0.55
Lauric Acid,Myristic Acid,CCCCCCCCCCCC(=O)O,CCCCCCCCCCCCCC(=O)O,0.7,308.85,Yes,Type V,126.0,308.50095531439695,0.65,313.8077852953083,0.75,304.1403497750396,0.65,302.795,0.8
Lauric Acid,Palmitic Acid,CCCCCCCCCCCC(=O)O,CCCCCCCCCCCCCCCC(=O)O,0.8,310.44,Yes,Type V,127.0,313.38573451519756,0.65,314.69480007617966,0.65,311.9476171798228,0.8,312.591,0.8
Lauric Acid,Stearic Acid,CCCCCCCCCCCC(=O)O,CCCCCCCCCCCCCCCCCC(=O)O,0.85,312.31,Yes,Type V,128.0,322.7472334928084,0.75,314.55247579560404,0.55,322.0058151947001,0.8,321.95500000000004,0.8
Lauric Acid,Thymol,CCCCCCCCCCCC(=O)O,Cc1ccc(C(C)C)c(O)c1,0.45,301.54,Yes,Type V,129.0,303.15369659947555,0.65,309.14598107814936,0.5,288.49762234490663,0.55,290.03999999999996,0.65
Levulinic acid,ChCl,CC(=O)CCC(=O)O,C[N+](C)(C)CCO.[Cl-],0.75,262.0,No,Type III,130.0,314.8131540538786,0.7,327.9808772055047,0.8,285.4521831175384,0.75,285.22191000000004,0.65
Lidocaine,DL-camphor,CCN(CC)CC(=O)Nc1c(C)cccc1C,CC12CCC(CC1=O)C2(C)C,0.45,290.6,Yes,Type V,131.0,293.33126436530006,0.5,312.47036427244154,0.8,282.0429878274997,0.7,270.23199999999997,0.6
Lidocaine,Ibuprofen,CCN(CC)CC(=O)Nc1c(C)cccc1C,CC(C)Cc1ccc(C(C)C(=O)O)cc1,0.5,246.15,No,Type V,132.0,308.20098395757964,0.55,316.60004778545044,0.55,282.1247417973717,0.6,296.507,0.5
Lidocaine,Stearic Acid,CCN(CC)CC(=O)Nc1c(C)cccc1C,CCCCCCCCCCCCCCCCCC(=O)O,0.5,316.15,No,Type V,133.0,309.27074730509713,0.8,316.4846606320636,0.65,295.2351073368209,0.7,322.466,0.8
Lidocaine,Tetracaine,CCN(CC)CC(=O)Nc1c(C)cccc1C,CCCCNc1ccc(C(=O)OCCN(C)C)cc1,0.5,303.15,No,Type V,134.0,303.2240792177595,0.6,313.1464243876353,0.6,338.39578332242905,0.8,326.7003,0.6
Limonene,Capric Acid,C=C(C)[C@@H]1CC=C(C)CC1,CCCCCCCCCC(=O)O,0.65,280.95,No,Type V,135.0,274.950299588416,0.65,291.75027482039724,0.75,252.58627492866648,0.8,280.211,0.65
Limonene,Myristic Acid,C=C(C)[C@@H]1CC=C(C)CC1,CCCCCCCCCCCCCC(=O)O,0.65,320.65,No,Type V,136.0,259.8416246802525,0.65,286.4749689293425,0.7,242.35162530489592,0.8,303.70300000000003,0.8
Linoleic acid,Lidocaine,CCCCC/C=C\C/C=C\CCCCCCCC(=O)O,CCN(CC)CC(=O)Nc1c(C)cccc1C,0.5,202.15,No,Type V,137.0,261.21596413406206,0.65,284.4751348870579,0.65,255.22318567855262,0.75,262.26099999999997,0.6
Malic Acid,Alanine,O=C(O)CC(O)C(=O)O,CC([NH3+])C(=O)[O-],0.5,318.15,No,Type III,138.0,359.4610664715899,0.6,351.16431714538305,0.5,286.37722573535024,0.55,306.5639,0.65
Malic Acid,Betaine,O=C(O)CC(O)C(=O)O,C[N+](C)(C)CC(=O)[O-],0.5,318.15,No,Type III,139.0,350.8567961969263,0.55,353.136340423298,0.6,345.8890086106212,0.65,314.562,0.65
Malic Acid,ChCl,O=C(O)CC(O)C(=O)O,C[N+](C)(C)CCO.[Cl-],0.45,334.55,Yes,Type III,140.0,316.101404941718,0.5,334.16945610019195,0.65,330.6582240893725,0.6,343.072,0.5
Malonic Acid,ChCl,O=C(O)CC(=O)O,C[N+](C)(C)CCO.[Cl-],0.5,285.15,No,Type III,141.0,338.3224597750896,0.45,355.4863176968049,0.45,332.01373658217375,0.6,341.755,0.45
Mannose,ChCl,OC[C@H]1O[C@H](O)[C@@H](O)[C@@H](O)[C@@H]1O,C[N+](C)(C)CCO.[Cl-],0.5,332.52,Yes,Type III,142.0,340.9192608291719,0.5,349.15174440601027,0.5,331.47010118667026,0.6,298.027,0.45
Menthol,Betaine,CC(C)[C@@H]1CC[C@@H](C)C[C@H]1O,C[N+](C)(C)CC(=O)[O-],0.9,310.1,Yes,Type III,143.0,320.56729595607453,0.7,324.5012383575897,0.8,302.0160045758213,0.75,295.418,0.7
Menthol,ChCl,CC(C)[C@@H]1CC[C@@H](C)C[C@H]1O,C[N+](C)(C)CCO.[Cl-],0.7,315.7,Yes,Type III,144.0,302.06415272701065,0.65,325.42878413551824,0.75,289.48555297916914,0.75,304.143,0.65
Menthol,Hexadecan-1-ol,CC(C)[C@@H]1CC[C@@H](C)C[C@H]1O,CCCCCCCCCCCCCCCCO,0.8,301.2,Yes,Type V,145.0,307.9895119892847,0.8,312.67693141530486,0.65,307.0220481900159,0.7,305.5776,0.75
Menthol,Hydroquinone ,CC(C)[C@@H]1CC[C@@H](C)C[C@H]1O,Oc1ccc(O)cc1,0.8,398.5,No,Type V,146.0,293.01385337088743,0.7,317.09617481428177,0.65,285.0365143047499,0.75,281.868,0.65
Menthol,Ibuprofen,CC(C)[C@@H]1CC[C@@H](C)C[C@H]1O,CC(C)Cc1ccc(C(C)C(=O)O)cc1,0.75,291.138,Yes,Type V,147.0,302.8890022671342,0.6,314.49374902976274,0.5,298.86495216444325,0.65,299.81399999999996,0.65
Menthol,Lauric Acid,CC(C)[C@@H]1CC[C@@H](C)C[C@H]1O,CCCCCCCCCCCC(=O)O,0.7,289.0,Yes,Type V,148.0,310.4280569492327,0.65,315.5462182539672,0.6,300.04326590147326,0.6,294.82599999999996,0.75
Menthol,Myristic Acid,CC(C)[C@@H]1CC[C@@H](C)C[C@H]1O,CCCCCCCCCCCCCC(=O)O,0.8,296.17,Yes,Type V,149.0,298.12510071858486,0.65,310.76831635372093,0.65,295.8780515622342,0.65,307.182,0.8
Menthol,Octadecan-1-ol,CC(C)[C@@H]1CC[C@@H](C)C[C@H]1O,CCCCCCCCCCCCCCCCCCO,0.8,307.8,Yes,Type V,150.0,312.6836888274765,0.8,316.0897770280569,0.65,307.29346768212747,0.8,313.498,0.75
Menthol,Palmitic Acid,CC(C)[C@@H]1CC[C@@H](C)C[C@H]1O,CCCCCCCCCCCCCCCC(=O)O,0.9,308.53,Yes,Type V,151.0,307.254378505254,0.65,313.66416527334104,0.65,303.9547746009226,0.8,313.733,0.8
Menthol,Phenylpropionic Acid,CC(C)[C@@H]1CC[C@@H](C)C[C@H]1O,O=C(O)CCc1ccccc1,0.6,284.21,Yes,Type V,152.0,300.826608613108,0.65,313.0935387454527,0.55,282.3617244997051,0.55,276.15250000000003,0.65
Menthol,Salicylic Acid,CC(C)[C@@H]1CC[C@@H](C)C[C@H]1O,O=C(O)c1ccccc1O,0.85,297.9,No,Type V,153.0,291.2659356902102,0.5,312.86396708549125,0.65,259.4457446433771,0.75,285.28000000000003,0.65
Menthol,Stearic Acid,CC(C)[C@@H]1CC[C@@H](C)C[C@H]1O,CCCCCCCCCCCCCCCCCC(=O)O,0.9,308.6,Yes,Type V,154.0,318.22917785390246,0.6,313.2372229250181,0.6,306.3247056356821,0.8,314.91700000000003,0.65
Menthol,Testosterone,CC(C)[C@@H]1CC[C@@H](C)C[C@H]1O,C[C@]12CC[C@H]3[C@@H](CCC4=CC(=O)CC[C@@]43C)[C@@H]1CC[C@@H]2O,0.8,312.365,Yes,Type V,155.0,312.6293444395077,0.8,311.8531960672051,0.7,305.4109239105104,0.65,312.8628,0.75
Menthol,Thymol,CC(C)[C@@H]1CC[C@@H](C)C[C@H]1O,Cc1ccc(C(C)C)c(O)c1,0.65,263.9,Yes,Type V,156.0,290.8419815083089,0.55,309.6156277113465,0.5,290.70951244750876,0.6,290.351,0.6
Myristic Acid,[N1111]Cl,CCCCCCCCCCCCCC(=O)O,C[N+](C)(C)C.[Cl-],0.8,317.45,Yes,Type III,157.0,336.7648275799933,0.75,329.14267357729375,0.75,321.2362902706687,0.8,326.64700000000005,0.8
Myristic Acid,[N2222]Cl,CCCCCCCCCCCCCC(=O)O,CC[N+](CC)(CC)CC.[Cl-],0.7,311.71,Yes,Type III,158.0,327.0313670484277,0.55,320.6794530150503,0.7,319.10725592650886,0.75,320.95799999999997,0.65
Myristic Acid,[N3333]Cl,CCCCCCCCCCCCCC(=O)O,CCC[N+](CCC)(CCC)CCC.[Cl-],0.6,305.68,Yes,Type III,159.0,321.6412116379032,0.65,318.2266136506039,0.65,300.20636601247145,0.7,313.535,0.65
Myristic Acid,[N4444]Cl,CCCCCCCCCCCCCC(=O)O,CCCC[N+](CCCC)(CCCC)CCCC.[Cl-],0.5,285.1,Yes,Type III,160.0,303.3352948037912,0.45,317.79553241671096,0.6,296.09483322259103,0.55,304.66999999999996,0.6
Myristic Acid,ChCl,CCCCCCCCCCCCCC(=O)O,C[N+](C)(C)CCO.[Cl-],0.55,317.03,Yes,Type III,161.0,322.22217130970176,0.7,326.6239488861536,0.7,309.97801204534505,0.75,316.392,0.8
Myristic Acid,Palmitic Acid,CCCCCCCCCCCCCC(=O)O,CCCCCCCCCCCCCCCC(=O)O,0.7,319.96,Yes,Type V,162.0,316.9918210635272,0.65,316.82957342167526,0.5,317.7009883671313,0.75,312.033,0.8
"N-Benzyl-2-hydroxy-N,N-dimethylethanaminium chloride",Urea,C[N+](C)(CCO)Cc1ccccc1.[Cl-],NC(N)=O,0.65,238.15,No,Type III,163.0,296.01970051014627,0.7,320.9169793553126,0.65,304.5681433287676,0.55,289.88550000000004,0.8
o-Cresol,ChCl,Cc1ccccc1O,C[N+](C)(C)CCO.[Cl-],0.75,249.4,No,Type III,164.0,299.4939349201413,0.8,318.45253879287503,0.75,273.07867591083584,0.75,284.37,0.8
Octadecan-1-ol,[N1111]Cl,CCCCCCCCCCCCCCCCCCO,C[N+](C)(C)C.[Cl-],0.7,333.5,Yes,Type III,165.0,331.7427604897308,0.65,327.3331431683291,0.65,322.977526370685,0.8,322.833,0.65
Octadecan-1-ol,[N4444]Cl,CCCCCCCCCCCCCCCCCCO,CCCC[N+](CCCC)(CCCC)CCCC.[Cl-],0.6,313.0,Yes,Type III,166.0,297.24409905853514,0.4,312.47592399560943,0.7,303.9201736636833,0.65,301.82,0.65
Octadecan-1-ol,Betaine,CCCCCCCCCCCCCCCCCCO,C[N+](C)(C)CC(=O)[O-],0.9,332.1,Yes,Type III,167.0,334.80268985007325,0.65,328.15038496123447,0.5,331.48248784848886,0.75,327.148,0.65
Octadecan-1-ol,ChCl,CCCCCCCCCCCCCCCCCCO,C[N+](C)(C)CCO.[Cl-],0.5,328.32,Yes,Type III,168.0,323.388621751687,0.8,326.1933518360328,0.8,324.57030481265036,0.75,321.84399999999994,0.65
Oleic acid,Capric Acid,CCCCCCCC/C=C\CCCCCCCC(=O)O,CCCCCCCCCC(=O)O,0.6,272.78,Yes,Type V,169.0,284.74410092860484,0.65,294.6857253574571,0.65,281.4145392853892,0.65,283.08599999999996,0.75
Oleic acid,Lidocaine,CCCCCCCC/C=C\CCCCCCCC(=O)O,CCN(CC)CC(=O)Nc1c(C)cccc1C,0.5,226.15,No,Type V,170.0,267.71570337919076,0.65,283.18631240608875,0.7,264.424286988477,0.7,261.261,0.6
Oxalic Acid,ChCl,O=C(O)C(=O)O,C[N+](C)(C)CCO.[Cl-],0.5,308.0,Yes,Type III,171.0,340.0870563702695,0.5,356.3322110816579,0.5,334.30616023463,0.55,340.97740000000005,0.45
Palmitic Acid,[N1111]Cl,CCCCCCCCCCCCCCCC(=O)O,C[N+](C)(C)C.[Cl-],0.7,331.36,Yes,Type III,172.0,337.26931298275633,0.55,331.328386522796,0.7,334.6399865871706,0.8,319.218,0.8
Palmitic Acid,[N2222]Cl,CCCCCCCCCCCCCCCC(=O)O,CC[N+](CC)(CC)CC.[Cl-],0.6,319.93,Yes,Type III,173.0,330.9445267122399,0.7,323.6839736118812,0.8,331.09008717721986,0.75,316.433,0.7
Palmitic Acid,[N3333]Cl,CCCCCCCCCCCCCCCC(=O)O,CCC[N+](CCC)(CCC)CCC.[Cl-],0.5,304.02,Yes,Type III,174.0,321.56766202710077,0.65,319.09926267819196,0.65,316.3308998719267,0.7,307.66400000000004,0.7
Palmitic Acid,[N4444]Cl,CCCCCCCCCCCCCCCC(=O)O,CCCC[N+](CCCC)(CCCC)CCCC.[Cl-],0.5,298.4,Yes,Type III,175.0,295.2755896644705,0.4,318.00006463872853,0.8,303.7199404499272,0.55,303.17999999999995,0.55
Palmitic Acid,ChCl,CCCCCCCCCCCCCCCC(=O)O,C[N+](C)(C)CCO.[Cl-],0.6,331.03,Yes,Type III,176.0,323.9496878993236,0.7,328.427730457464,0.7,328.21616689989645,0.75,319.23300000000006,0.75
Palmitic Acid,Ibuprofen,CCCCCCCCCCCCCCCC(=O)O,CC(C)Cc1ccc(C(C)C(=O)O)cc1,0.5,323.69,Yes,Type V,177.0,312.0552528935711,0.55,315.40288395357294,0.5,314.92353706929737,0.6,302.7531,0.55
Palmitic Acid,Stearic Acid,CCCCCCCCCCCCCCCC(=O)O,CCCCCCCCCCCCCCCCCC(=O)O,0.7,329.06,Yes,Type V,178.0,322.390447930654,0.65,314.96884090236387,0.5,331.3334351705748,0.7,318.019,0.8
Paracetamol,ChCl,CC(=O)Nc1ccc(O)cc1,C[N+](C)(C)CCO.[Cl-],0.5,321.18,Yes,Type III,179.0,360.64772253956164,0.5,350.544317990444,0.45,367.31947123122205,0.6,345.86299999999994,0.7
p-Coumaric acid,ChCl,O=C(O)/C=C/c1ccc(O)cc1,C[N+](C)(C)CCO.[Cl-],0.35,340.15,No,Type III,180.0,372.7604751984699,0.55,357.41126930112483,0.5,380.17858484228395,0.5,344.343,0.45
Pelargonic Acid,Lauric Acid,CCCCCCCCC(=O)O,CCCCCCCCCCCC(=O)O,0.75,282.0,Yes,Type V,181.0,283.1358475463698,0.75,290.5742536567031,0.5,291.37923951764844,0.75,295.536,0.65
Phenol,ChCl,Oc1ccccc1,C[N+](C)(C)CCO.[Cl-],0.75,253.1,No,Type III,182.0,310.84708279618917,0.8,321.4085494834059,0.75,286.2886027674547,0.75,281.3260000000001,0.75
Phenyl salicylate,Lidocaine,O=C(Oc1ccccc1)c1ccccc1O,CCN(CC)CC(=O)Nc1c(C)cccc1C,0.55,291.35,Yes,Type V,183.0,309.0731328711535,0.6,315.24089874172535,0.5,321.8183827656186,0.6,275.23220000000003,0.5
Phenylacetic Acid,ChCl,O=C(O)Cc1ccccc1,C[N+](C)(C)CCO.[Cl-],0.65,291.6589,No,Type III,184.0,310.2304896253088,0.6,329.99110917511325,0.7,315.3191252262388,0.7,289.28999999999996,0.8
Phenylpropionic Acid,ChCl,O=C(O)CCc1ccccc1,C[N+](C)(C)CCO.[Cl-],0.65,293.9791,No,Type III,185.0,310.6540637082269,0.65,330.6792231181161,0.75,305.37056598189207,0.7,316.53599999999994,0.6
Pimelic Acid,[N2222]Br,O=C(O)CCCCCC(=O)O,CC[N+](CC)(CC)CC.[Br-],0.6,328.6,Yes,Type III,186.0,335.2078037234941,0.5,332.9016792688981,0.7,335.58017575888005,0.7,335.28099999999995,0.6
Pimelic Acid,[N3333]Br,O=C(O)CCCCCC(=O)O,CCC[N+](CCC)(CCC)CCC.[Br-],0.55,319.8,Yes,Type III,187.0,330.43833293515,0.6,326.07791186930325,0.65,335.75228401043086,0.65,310.092,0.65
Prilocaine,Lidocaine,CCCNC(C)C(=O)Nc1ccccc1C,CCN(CC)CC(=O)Nc1c(C)cccc1C,0.5,291.15,No,Type V,188.0,305.88065272784365,0.65,310.60303863814426,0.75,314.8947513624376,0.65,266.806,0.5
Propionic acid,[N4444]Br,CCC(=O)O,CCCC[N+](CCCC)(CCCC)CCCC.[Br-],0.5,254.01,No,Type III,189.0,279.0662842699127,0.75,282.7137991507857,0.75,249.83694027859246,0.75,266.419,0.75
Ranitidine,Acetylsalicylic Acid,CN/C(=C\[N+](=O)[O-])NCCSCc1ccc(CN(C)C)o1,CC(=O)Oc1ccccc1C(=O)O,0.65,236.15,No,Type V,190.0,299.3186330935347,0.6,307.5940149466415,0.65,261.69173565654455,0.65,285.152,0.7
Ranitidine,Urea,CN/C(=C\[N+](=O)[O-])NCCSCc1ccc(CN(C)C)o1,NC(N)=O,0.65,242.15,No,Type V,191.0,313.29019044861457,0.65,320.4025256676403,0.8,286.2520727342028,0.4,274.985,0.65
Resorcinol,ChCl,Oc1cccc(O)c1,C[N+](C)(C)CCO.[Cl-],0.5,279.632,Yes,Type III,192.0,320.65050099745014,0.5,333.115702371947,0.55,320.6922111953012,0.65,287.93,0.75
Salicylic Acid,Betaine,O=C(O)c1ccccc1O,C[N+](C)(C)CC(=O)[O-],0.7,347.8,Yes,Type III,193.0,348.8218351024217,0.5,352.400156364663,0.5,341.3275298457975,0.6,318.6102,0.75
Salicylic Acid,ChCl,O=C(O)c1ccccc1O,C[N+](C)(C)CCO.[Cl-],0.5,340.6,Yes,Type III,194.0,347.54342445975027,0.5,351.7381476588125,0.6,337.52572172886244,0.6,284.95040000000006,0.8
Sorbitol,Betaine,OC[C@H](O)[C@@H](O)[C@H](O)[C@H](O)CO,C[N+](C)(C)CC(=O)[O-],0.9,363.9,Yes,Type III,195.0,312.218344912479,0.6,325.36650924346196,0.8,324.8067328563496,0.7,290.886,0.6
Sorbitol,ChCl,OC[C@H](O)[C@@H](O)[C@H](O)[C@H](O)CO,C[N+](C)(C)CCO.[Cl-],0.5,284.15,No,Type III,196.0,321.5592764135293,0.55,332.26470377838757,0.65,315.4990131605511,0.7,299.39399999999995,0.55
Stearic Acid,[N1111]Cl,CCCCCCCCCCCCCCCCCC(=O)O,C[N+](C)(C)C.[Cl-],0.6,337.95,Yes,Type III,197.0,346.8357655252535,0.55,332.37395236344497,0.7,346.17283223686564,0.75,324.072,0.8
Stearic Acid,[N2222]Cl,CCCCCCCCCCCCCCCCCC(=O)O,CC[N+](CC)(CC)CC.[Cl-],0.6,321.65,Yes,Type III,198.0,328.1756596325676,0.75,323.1634437129794,0.75,338.7218832306821,0.7,320.753,0.75
Stearic Acid,[N3333]Cl,CCCCCCCCCCCCCCCCCC(=O)O,CCC[N+](CCC)(CCC)CCC.[Cl-],0.6,327.25,Yes,Type III,199.0,312.9698305304946,0.8,319.3540995211974,0.65,311.5783959832207,0.65,308.65700000000004,0.65
Stearic Acid,[N4444]Cl,CCCCCCCCCCCCCCCCCC(=O)O,CCCC[N+](CCCC)(CCCC)CCCC.[Cl-],0.5,322.9,Yes,Type III,200.0,289.43453510162107,0.45,316.68742464643384,0.7,294.9871545486837,0.5,297.24999999999994,0.6
Stearic Acid,Betaine,CCCCCCCCCCCCCCCCCC(=O)O,C[N+](C)(C)CC(=O)[O-],0.9,343.0,Yes,Type III,201.0,335.7518448342755,0.8,328.32137120554796,0.7,346.6363427617563,0.75,329.43890999999996,0.75
Stearic Acid,ChCl,CCCCCCCCCCCCCCCCCC(=O)O,C[N+](C)(C)CCO.[Cl-],0.6,339.55,Yes,Type III,202.0,323.8838416098981,0.7,326.70012052745886,0.75,328.21163921962324,0.7,323.872,0.7
Suberic Acid,ChCl,O=C(O)CCCCCCC(=O)O,C[N+](C)(C)CCO.[Cl-],0.5,366.15,No,Type III,203.0,362.32485916059983,0.7,357.5784530190687,0.8,346.4987321914594,0.65,323.503,0.65
Succinic Acid,[N2222]Br,O=C(O)CCC(=O)O,CC[N+](CC)(CC)CC.[Br-],0.5,349.3,No,Type III,204.0,347.0682820747122,0.55,350.3702837902276,0.65,370.80944730886614,0.6,339.94599999999997,0.6
Succinic Acid,ChCl,O=C(O)CCC(=O)O,C[N+](C)(C)CCO.[Cl-],0.5,343.0,Yes,Type III,205.0,343.9713558978687,0.45,351.32477622959357,0.6,353.47326186641186,0.6,339.428,0.5
Sucrose,ChCl,OC[C@H]1O[C@H](O[C@]2(CO)O[C@H](CO)[C@@H](O)[C@@H]2O)[C@H](O)[C@@H](O)[C@@H]1O,C[N+](C)(C)CCO.[Cl-],0.5,343.65,Yes,Type III,206.0,350.0431228718924,0.5,349.3585568835477,0.5,373.069234208913,0.6,329.484,0.5
Tartaric Acid,ChCl,O=C(O)[C@@H](O)[C@H](O)C(=O)O,C[N+](C)(C)CCO.[Cl-],0.35,321.55,Yes,Type III,207.0,340.5407379277692,0.5,350.7304546091006,0.5,344.7131354772441,0.55,335.51500000000004,0.5
Tetradecan-1-ol,[N1111]Cl,CCCCCCCCCCCCCCO,C[N+](C)(C)C.[Cl-],0.9,313.1,Yes,Type III,208.0,317.7159884732841,0.8,319.7222197187967,0.75,304.95476141299196,0.8,322.29200000000003,0.8
Tetradecan-1-ol,[N4444]Cl,CCCCCCCCCCCCCCO,CCCC[N+](CCCC)(CCCC)CCCC.[Cl-],0.6,291.6,Yes,Type III,209.0,292.3824698393672,0.75,308.54976358513903,0.7,291.4567110778089,0.65,303.65,0.6
Tetradecan-1-ol,ChCl,CCCCCCCCCCCCCCO,C[N+](C)(C)CCO.[Cl-],0.6,303.15,Yes,Type III,210.0,302.9464313025089,0.8,320.0634834991376,0.8,296.8180388058953,0.75,319.08599999999996,0.65
Tetradecan-1-ol,Menthol,CCCCCCCCCCCCCCO,CC(C)[C@@H]1CC[C@@H](C)C[C@H]1O,0.3,290.6,Yes,Type V,211.0,290.02524883289357,0.8,309.3438852615027,0.5,291.7462831500116,0.5,279.687,0.55
Tetradecan-1-ol,Thymol,CCCCCCCCCCCCCCO,Cc1ccc(C(C)C)c(O)c1,0.5,289.9,Yes,Type V,212.0,288.9839238694685,0.7,307.6436595109292,0.65,281.6901135715958,0.55,286.427,0.65
Thiourea,ChCl,NC(N)=S,C[N+](C)(C)CCO.[Cl-],0.6,373.15,No,Type III,213.0,353.432840566485,0.75,354.8815667032094,0.55,341.9805840568067,0.6,304.6654,0.75
Thymol,Betaine,Cc1ccc(C(C)C)c(O)c1,C[N+](C)(C)CC(=O)[O-],0.9,310.9,Yes,Type III,214.0,323.91111725804006,0.6,324.47969097301336,0.7,309.616023352876,0.7,319.401,0.6
Thymol,ChCl,Cc1ccc(C(C)C)c(O)c1,C[N+](C)(C)CCO.[Cl-],0.7,327.4,Yes,Type III,215.0,302.5802277626738,0.75,322.9184586527135,0.75,298.1284297302961,0.7,297.71399999999994,0.75
Thymol,DL-camphor,Cc1ccc(C(C)C)c(O)c1,CC12CCC(CC1=O)C2(C)C,0.5,229.15,No,Type V,216.0,299.86911499607953,0.6,315.0849979801879,0.7,294.92976083418284,0.65,310.528,0.7
Thymol,Hexadecan-1-ol,Cc1ccc(C(C)C)c(O)c1,CCCCCCCCCCCCCCCCO,0.6,301.8,Yes,Type V,217.0,309.0726403590062,0.65,313.95320833696314,0.7,308.3947565526824,0.5,312.039,0.7
Thymol,Ibuprofen,Cc1ccc(C(C)C)c(O)c1,CC(C)Cc1ccc(C(C)C(=O)O)cc1,0.65,305.15,Yes,Type V,218.0,308.12168599232797,0.6,313.6528870165712,0.55,311.92085902240206,0.55,301.5207,0.55
Thymol,Myristic Acid,Cc1ccc(C(C)C)c(O)c1,CCCCCCCCCCCCCC(=O)O,0.7,309.05,Yes,Type V,219.0,296.9181567391243,0.6,311.46488711686385,0.5,301.26674098899133,0.55,304.159,0.8
Thymol,Octadecan-1-ol,Cc1ccc(C(C)C)c(O)c1,CCCCCCCCCCCCCCCCCCO,0.7,309.6,Yes,Type V,220.0,309.7539740640698,0.65,315.3338478358775,0.7,313.33143402044686,0.7,313.159,0.8
Thymol,Palmitic Acid,Cc1ccc(C(C)C)c(O)c1,CCCCCCCCCCCCCCCC(=O)O,0.8,311.83,Yes,Type V,221.0,313.0124128257189,0.65,314.3265624953737,0.7,320.9352783046657,0.65,313.199,0.75
Thymol,Stearic Acid,Cc1ccc(C(C)C)c(O)c1,CCCCCCCCCCCCCCCCCC(=O)O,0.9,316.71,Yes,Type V,222.0,320.5769897100197,0.65,313.37814507973087,0.75,322.8926447688221,0.65,314.762,0.8
trans-Cinnamic acid,ChCl,O=C(O)/C=C/c1ccccc1,C[N+](C)(C)CCO.[Cl-],0.5,366.15,No,Type III,223.0,361.9646129192113,0.65,347.65594792683396,0.65,354.57788004219594,0.6,351.489,0.6
Tricarballylic acid,ChCl,O=C(O)CC(CC(=O)O)C(=O)O,C[N+](C)(C)CCO.[Cl-],0.3,363.15,No,Type III,224.0,341.2311070171585,0.45,354.75567017702895,0.55,344.88622731821465,0.6,335.66600000000005,0.5
Triethylene glycol,[N3333]Br,OCCOCCOCCO,CCC[N+](CCC)(CCC)CCC.[Br-],0.75,253.95,No,Type III,225.0,275.8221203207819,0.65,298.21870974650653,0.8,263.59627427250496,0.8,300.76,0.75
Triethylene glycol,ChCl,OCCOCCOCCO,C[N+](C)(C)CCO.[Cl-],0.85,258.77,No,Type III,226.0,286.9847078410309,0.75,309.8812838822794,0.75,247.83999366244547,0.8,264.25,0.75
Triethylene glycol,Methyltriphenylphosphonium bromide,OCCOCCOCCO,C[P+](c1ccccc1)(c1ccccc1)c1ccccc1.[Br-],0.85,251.6,No,Type III,227.0,274.5155271413542,0.65,287.23688558687326,0.65,260.85507260419394,0.8,263.946,0.8
Triethylene glycol,"N,N-Diethylethanolammonium chloride",OCCOCCOCCO,CC[NH+](CC)CCO.[Cl-],0.65,273.15,No,Type III,228.0,257.5344725811439,0.8,288.20086049947906,0.8,258.4026810304165,0.75,259.944,0.8
Urea,[N2222]Br,NC(N)=O,CC[N+](CC)(CC)CC.[Br-],0.65,386.15,No,Type III,229.0,363.04433496181076,0.65,358.29899490783777,0.5,347.25814667356576,0.65,338.7453,0.8
Urea,"2-(Acetoxy)-N,N,N-trimethylethanaminium chloride",NC(N)=O,CC(=O)OCC[N+](C)(C)C.[Cl-],0.65,259.15,No,Type III,230.0,325.78141816731244,0.35,335.8402432522592,0.55,316.832754843757,0.55,273.5942,0.6
Urea,"2-Chloro-N,N,N-trimethylethanaminium chloride",NC(N)=O,C[N+](C)(C)CCCl.[Cl-],0.65,288.15,No,Type III,231.0,346.82069210229656,0.35,332.9521757316223,0.45,308.0121018417471,0.55,319.4912,0.75
Urea,Betaine,NC(N)=O,C[N+](C)(C)CC(=O)[O-],0.8,359.3,Yes,Type III,232.0,342.92873027561023,0.55,343.46528459998126,0.5,324.0798615413481,0.65,296.97130000000004,0.65
Urea,ChCl,NC(N)=O,C[N+](C)(C)CCO.[Cl-],0.65,284.22,Yes,Type III,233.0,342.686152977019,0.5,356.5634032951894,0.55,339.43014410789687,0.65,304.601,0.5
Urea,Sulfathiazole,NC(N)=O,Nc1ccc(S(=O)(=O)Nc2nccs2)cc1,0.8,395.0,Yes,Type V,234.0,347.7361705853391,0.75,329.54199915979876,0.75,373.1955645084179,0.55,312.105,0.65
Xylitol,ChCl,OC[C@H](O)[C@@H](O)[C@H](O)CO,C[N+](C)(C)CCO.[Cl-],0.35,269.15,No,Type III,235.0,312.37984993849665,0.55,329.0852679614833,0.75,314.78052181721216,0.7,293.98699999999997,0.55
Xylose,ChCl,O[C@H]1OC[C@@H](O)[C@H](O)[C@H]1O,C[N+](C)(C)CCO.[Cl-],0.5,320.62,Yes,Type III,236.0,339.9455824342551,0.5,347.95137265719853,0.5,340.42730771571746,0.6,312.80100000000004,0.45
