Component,Smiles,NumAliphaticCarbocycles,NumAliphaticHeterocycles,NumAromaticCarbocycles,NumAromaticHeterocycles,NumHAcceptors,NumHDonors,NumHeteroatoms,MaxPartialCharge,MinPartialCharge,BalabanJ,fr_NH0,fr_NH1,fr_NH2,fr_Ndealkylation1,fr_amide,fr_halogen,fr_phenol,fr_quatN,NPR1,NPR2,RadiusOfGyration,InertialShapeFactor,SpherocityIndex
[C2Mim]Cl,CCn1cc[n+](C)c1.[Cl-],0,0,0,1,1,0,3,0.24301869934635242,-1.0,3.6099981589009737e-06,2,0,0,0,0,1,0,0,0.336384467907485,0.7204836799715576,2.8003917650325607,0.0019157150427351478,0.21578977332269594
[C2Ohmim]Cl,C[n+]1ccn(CCO)c1.[Cl-],0,0,0,1,2,1,4,0.24311341166330297,-1.0,3.999997728001341e-06,2,0,0,0,0,1,0,0,0.13026082337849193,0.9427490064545639,3.1210435552484905,0.0047356545497953635,0.21104522974556725
[C4Mpyr]Cl,CCCC[N+]1(C)CCCC1.[Cl-],0,1,0,0,0,0,2,0.09241205162365797,-1.0,8.999990301010764e-06,1,0,0,0,0,1,0,1,0.2933438672062032,0.8290278865378157,3.1452550620758584,0.0017058387942406636,0.44881093095025226
[C4Py]Cl,CCCC[n+]1ccccc1.[Cl-],0,0,0,1,0,0,2,0.1682694482335764,-1.0,5.759995507203607e-06,1,0,0,0,0,1,0,0,0.4168405238802884,0.7817541692486202,2.70084981091364,0.001646332860240675,0.5914114562467174
[Ch][OAc],CC(=O)[O-].C[N+](C)(C)CCO,0,0,0,0,3,1,4,0.21034374956064542,-0.5504770280073037,0.0,1,0,0,1,0,0,0,1,0.1926822942725977,0.9467329109388942,3.2467210774155,0.0030548887298921905,0.34983893254776127
[MeCh]Cl,COCC[N+](C)(C)C.[Cl-],0,0,0,0,1,0,3,0.10175669820825954,-1.0,0.0,1,0,0,1,0,1,0,1,0.34794353624600527,0.7408348132246555,2.9953022497482573,0.0016130677990295315,0.3871445781492331
[N1111]Cl,C[N+](C)(C)C.[Cl-],0,0,0,0,0,0,2,0.0886256781905665,-1.0,0.0,1,0,0,0,0,1,0,1,0.17128171417736954,0.9916868657498275,2.4260768419453163,0.009706532588391907,0.720214663922957
[N2222]Cl,CC[N+](CC)(CC)CC.[Cl-],0,0,0,0,0,0,2,0.09211413594987473,-1.0,0.0,1,0,0,0,0,1,0,1,0.2641887433611934,0.974662488727504,3.158524300703401,0.002498177328732609,0.7151495063582705
[N3333]Cl,CCC[N+](CCC)(CCC)CCC.[Cl-],0,0,0,0,0,0,2,0.09240574427708756,-1.0,0.0,1,0,0,0,0,1,0,1,0.28405202657275097,0.8990485947010222,3.3706719739067426,0.0013708918120597915,0.4971133566069155
[N4444]Br,CCCC[N+](CCCC)(CCCC)CCCC.[Br-],0,0,0,0,0,0,2,0.09241650226692201,-1.0,0.0,1,0,0,0,0,1,0,1,0.37722260084487663,0.9141954195323628,3.571915665411026,0.0006750748310249769,0.6378193998232446
[N4444]Cl,CCCC[N+](CCCC)(CCCC)CCCC.[Cl-],0,0,0,0,0,0,2,0.09241650226692201,-1.0,0.0,1,0,0,0,0,1,0,1,0.5520461750374333,0.9260277727704519,3.656048263524303,0.0005594779577732642,0.716745007774082
[N5555]Br,CCCCC[N+](CCCCC)(CCCCC)CCCCC.[Br-],0,0,0,0,0,0,2,0.0924166823968004,-1.0,0.0,1,0,0,0,0,1,0,1,0.2878897072697178,0.7921614830886896,4.590760297380574,0.00035876990030139056,0.25155557903198306
"1,1-Dimethylurea",CN(C)C(N)=O,0,0,0,0,1,1,3,0.31375611805072245,-0.3515085694047277,5.045159180879668,1,0,1,0,2,0,0,0,0.49583731144829546,0.8872907000626156,1.6716251862518354,0.00866046255015692,0.35948403490694647
"1,3-Dimethylurea",CNC(=O)NC,0,0,0,0,1,2,3,0.3137681860809529,-0.34124570832758877,4.651710113240973,0,2,0,0,2,0,0,0,0.4820181113712251,0.6585640807595663,1.7232010171152932,0.005589069495308152,0.3002950759933606
"1,8-Cineole",CC12CCC(CC1)C(C)(C)O2,1,2,0,0,1,0,1,0.06617640341770793,-0.3691300164664661,3.3066235150020677,0,0,0,0,0,0,0,0,0.6491471527845319,0.9682526910131743,2.0028761815913265,0.0031545964450775048,0.7356283892929109
1-Methylurea,CNC(N)=O,0,0,0,0,1,2,3,0.3114124390020204,-0.3516773223191029,4.260658188955028,0,1,1,0,2,0,0,0,0.3344429306245593,0.7049590361891219,1.5405438784129892,0.01222497538850176,0.2551522421625998
"2,2,2-Trifluoroacetamide",NC(=O)C(F)(F)F,0,0,0,0,1,1,5,0.4704417451482512,-0.3618410396243154,4.055701378201075,0,0,1,0,1,3,0,0,0.579980455411794,0.80528634542138,1.6185278139335253,0.005592154292443303,0.3355093860312181
"2,3-Xylenol",Cc1cccc(O)c1C,0,0,1,0,1,1,1,0.29310771013049564,-0.5076768161260042,3.944050478028391,0,0,0,0,0,0,1,0,0.47340172736168695,0.5956197792186483,2.003923819864538,0.0026531265028340075,0.2083808431883586
"2,4,6-Trimethylphenol",Cc1cc(C)c(O)c(C)c1,0,0,1,0,1,1,1,0.29312286201010707,-0.507407026806241,4.114435526963988,0,0,0,0,0,0,1,0,0.47085192828580474,0.607795266172324,2.193380534161145,0.002047565496895974,0.17315735602832635
"3,4-Dimethylphenol",Cc1ccc(O)cc1C,0,0,1,0,1,1,1,0.29309232255807294,-0.5079562241267914,3.914708119291464,0,0,0,0,0,0,1,0,0.320347076778403,0.7176897485570919,2.09698045959404,0.004249671227279432,0.13808212599754938
4-Hydroxybenzoic acid,O=C(O)c1ccc(O)cc1,0,0,1,0,3,2,3,0.33518285963636446,-0.507966178790397,3.5964700711021846,0,0,0,0,0,0,1,0,0.25410146432140884,0.8761993078434823,2.2734515662560058,0.005144846194253452,0.2902900923982866
5-Phenylvaleric Acid,O=C(O)CCCCc1ccccc1,0,0,1,0,2,1,2,0.3028397539035364,-0.48123038870503976,3.8053385510152284,0,0,0,0,0,0,0,0,0.2772172641946053,0.8398675199940783,2.7739178901289425,0.002338451254129216,0.28180072095733316
Acetamide,CC(N)=O,0,0,0,0,1,1,2,0.2137901795921754,-0.36992058791265336,4.055701378201076,0,0,1,0,1,0,0,0,0.46903919006795103,0.5910742300352019,1.319105767728189,0.012629394365015536,0.32529872340917165
Acetic acid,CC(=O)O,0,0,0,0,2,1,2,0.2996845531582142,-0.481433475172105,3.823378455220923,0,0,0,0,0,0,0,0,0.4530853699281666,0.5805643107582033,1.2887710496426676,0.013062834467398452,0.22990160704543064
Acetylsalicylic Acid,CC(=O)Oc1ccccc1C(=O)O,0,0,1,0,4,1,4,0.33900378687731025,-0.4775395271554559,3.5574681481720223,0,0,0,0,0,0,0,0,0.5181076145062615,0.6459674806439055,2.4250459535116486,0.0012733186602722477,0.3168056467187648
Adiphenine,CCN(CC)CCOC(=O)C(c1ccccc1)c1ccccc1,0,0,2,0,3,0,3,0.31747223299431276,-0.4636141634681793,3.112837619589133,1,0,0,1,0,0,0,0,0.4316879432320117,0.8288385135335555,3.4355402896914646,0.0005903859823452461,0.4022685572839107
Adipic Acid,O=C(O)CCCCC(=O)O,0,0,0,0,4,2,4,0.302839787989633,-0.4812303886150306,5.922961050719135,0,0,0,0,0,0,0,0,0.31710181328946324,0.8518122057139236,2.3690397999091646,0.003551711759378585,0.3554037612785732
Arabinose,O[C@H]1CO[C@H](O)[C@H](O)[C@H]1O,0,1,0,0,5,4,5,0.2134632214593385,-0.3878997004049285,3.650138996661745,0,0,0,0,0,0,0,0,0.6568174899727018,0.8973832130644225,1.9238932618220255,0.0031399940489717417,0.7478636422001652
Benzamide,NC(=O)c1ccccc1,0,0,1,0,1,1,2,0.24819511424564836,-0.3655995116322135,3.5800026055780405,0,0,1,0,1,0,0,0,0.2545282318302428,0.8132015525441992,2.1058606415748407,0.006148692677078207,0.09172036579041791
Benzoic Acid,O=C(O)c1ccccc1,0,0,1,0,2,1,2,0.3351782346710392,-0.47763925058011736,3.5951207107740153,0,0,0,0,0,0,0,0,0.2790414158750287,0.7864482480126264,2.0655602374512836,0.005586262235784819,0.1860582966649653
Benzyldimethyl-2-hydroxyethyl-ammonium chloride,C[N+](C)(CCO)Cc1ccccc1.[Cl-],0,0,1,0,1,1,3,0.21034375296215116,-1.0,9.609989266262347e-06,1,0,0,1,0,1,0,1,0.51573455388593,0.8257234276697192,2.92911087642793,0.0010127323019894375,0.5630715072191279
Caffeic acid,O=C(O)/C=C/c1ccc(O)c(O)c1,0,0,1,0,4,3,4,0.32782120287961375,-0.504259631901577,3.7333355371681742,0,0,0,0,0,0,2,0,0.13070664882341168,0.9003071911784325,3.090424269305157,0.0040652171806000335,0.12662534126488345
Capric Acid,CCCCCCCCCC(=O)O,0,0,0,0,2,1,2,0.3028395565321837,-0.481230389785217,6.955231588343879,0,0,0,0,0,0,0,0,0.2621128566111736,0.8407626012512845,3.1173552865497243,0.002014611937721022,0.23201510483468846
Caprylic Acid,CCCCCCCC(=O)O,0,0,0,0,2,1,2,0.30283955653217365,-0.481230389785217,6.556665741628352,0,0,0,0,0,0,0,0,0.17194690512867436,0.9027417756982236,2.793958714807869,0.00483776454462621,0.2680565108407487
ChCl,C[N+](C)(C)CCO.[Cl-],0,0,0,0,1,1,3,0.21034374956064542,-1.0,0.0,1,0,0,1,0,1,0,1,0.3045947771974794,0.8406518870750218,2.540998853610165,0.0032837171771918955,0.5895458099568016
Citric Acid,O=C(O)CC(O)(CC(=O)O)C(=O)O,0,0,0,0,7,4,7,0.3364194912829884,-0.48113877492695273,6.466174563178717,0,0,0,0,0,0,0,0,0.5691792066071166,0.8702893520237024,2.3120585194368486,0.0018159457477861186,0.7554870161602498
Cyclohexanecarboxylic Acid,O=C(O)C1CCCCC1,1,0,0,0,2,1,2,0.30598714269546706,-0.4810264618631636,3.8726131716777514,0,0,0,0,0,0,0,0,0.3217880107854284,0.7998102937517508,2.096632770782231,0.00467967596520351,0.45048134886309205
Cyclohexylpropionic Acid,O=C(O)CCC1CCCCC1,1,0,0,0,2,1,2,0.30285025236771057,-0.4812302620979899,4.062761369983276,0,0,0,0,0,0,0,0,0.49768550165048353,0.9185540675492128,2.2446977507577754,0.0028326535160621584,0.6143636614222391
DL-camphor,CC12CCC(CC1=O)C2(C)C,2,0,0,0,1,0,1,0.13909874627049695,-0.2990642887496957,3.3975189132444417,0,0,0,0,0,0,0,0,0.7534596995243878,0.9278261544232672,1.9634154206200694,0.002813034713661537,0.9277790824800778
D-Mannitol,OC[C@@H](O)[C@@H](O)[C@H](O)[C@H](O)CO,0,0,0,0,6,6,6,0.21072018131770873,-0.393579134968567,6.970575799753662,0,0,0,0,0,0,0,0,0.3142291839909958,0.8989031988671793,2.5028550660889493,0.0027738998450154923,0.3973712175423775
Erythritol,OC[C@H](O)[C@H](O)CO,0,0,0,0,4,4,4,0.21070232213335782,-0.3935793747869591,5.8936882407861635,0,0,0,0,0,0,0,0,0.5017166914993104,0.8300480572091329,1.9197964680447759,0.004285507427341124,0.5443672875303112
Ethylammonium chloride,CC[NH3+].[Cl-],0,0,0,0,0,1,2,0.34399850467780463,-1.0,0.0,0,0,0,0,0,1,0,1,0.05208230003328595,0.9592852048329719,3.3320386411849725,0.020459560668924744,0.20753745309150276
Ethylene Glycol,OCCO,0,0,0,0,2,2,2,0.2101554188611067,-0.3939905415754596,4.2817567617094126,0,0,0,0,0,0,0,0,0.3271336436083079,0.7534433448224678,1.3273518932804,0.021909844067900072,0.36114203626668373
Fructose,OC[C@@]1(O)OC[C@@H](O)[C@@H](O)[C@@H]1O,0,1,0,0,6,5,6,0.21826469096464507,-0.39065918020808504,3.908905542882062,0,0,0,0,0,0,0,0,0.3524493887816227,0.8240802073890297,2.2403992261400885,0.0028138940712700683,0.415142472464905
Furfuryl alcohol,OCc1ccco1,0,0,0,1,2,1,2,0.21068852022348164,-0.46690881342439633,3.231536431425022,0,0,0,0,0,0,0,0,0.22700221648146454,0.8241588952138746,1.7750727264906805,0.012046056453577484,0.1087618785878423
Gallic acid,O=C(O)c1cc(O)c(O)c(O)c1,0,0,1,0,5,4,5,0.3354623074615446,-0.5041437400350505,3.6945605482864963,0,0,0,0,0,0,3,0,0.3438179638812241,0.7927887108831526,2.4796460089521917,0.0023549881840394145,0.3111844777340209
Glucose,OC[C@H]1O[C@H](O)[C@H](O)[C@@H](O)[C@@H]1O,0,1,0,0,6,5,6,0.21346340981011272,-0.3935665160029449,3.8764978331589,0,0,0,0,0,0,0,0,0.6100826480245557,0.8291379437137648,2.17268711991966,0.001949019072246172,0.5435665132118216
Glutamic acid,[NH3+][C@@H](CCC(=O)O)C(=O)[O-],0,0,0,0,4,2,5,0.3445634299532338,-0.5438971463898167,6.119028380071338,0,0,0,0,0,0,0,1,0.26806799990360214,0.89413402689493,2.3703873916491704,0.004361983628038013,0.3982902655918856
Glutaric Acid,O=C(O)CCCC(=O)O,0,0,0,0,4,2,4,0.30285579064841917,-0.48123022797558823,5.537591421860052,0,0,0,0,0,0,0,0,0.40575569532398187,0.8958758071296379,2.0642406102985986,0.00451352879108134,0.500316534571382
Glycerol,OCC(O)CO,0,0,0,0,3,3,3,0.21068477597991972,-0.3935933161206694,5.176410154252893,0,0,0,0,0,0,0,0,0.6522862971207665,0.6680847073191738,1.5549767363878877,0.005336316515056509,0.4921878034806762
Glycolic Acid,O=C(O)CO,0,0,0,0,3,2,3,0.328849903557252,-0.47954077546948304,3.970539116982576,0,0,0,0,0,0,0,0,0.3273935471052221,0.8004031858340981,1.489828475040537,0.015408535562784825,0.2979831050721141
Hexadecan-1-ol,CCCCCCCCCCCCCCCCO,0,0,0,0,1,1,1,0.2100365348450359,-0.39637656934228244,7.7152954441943535,0,0,0,0,0,0,0,0,0.35026640253402236,0.9278155505475932,3.6164646574599284,0.000951518525489594,0.4433650997897136
Hexanoic acid,CCCCCC(=O)O,0,0,0,0,2,1,2,0.30283955508920857,-0.48123038978903615,6.002059007100037,0,0,0,0,0,0,0,0,0.4737057872877754,0.8026914321469054,2.0320578495964496,0.0040209553379295755,0.42270291195043685
Hydroquinone ,Oc1ccc(O)cc1,0,0,1,0,2,2,2,0.29309211994462536,-0.5079622369103997,3.5466825900224057,0,0,0,0,0,0,2,0,0.22093664046260716,0.8083698277146865,1.9706846414596992,0.0086814262151447,0.07383531580278764
Ibuprofen,CC(C)Cc1ccc(C(C)C(=O)O)cc1,0,0,1,0,2,1,2,0.3101853515323108,-0.4807885019257389,4.245068196354043,0,0,0,0,0,0,0,0,0.3281935134149903,0.9013808259694467,2.9479574856771333,0.0017078912072831566,0.41044126984596674
Imidazole,c1c[nH]cn1,0,0,0,1,1,1,2,0.16689616327444906,-0.35117678564585386,3.292165666314956,1,1,0,0,0,0,0,0,0.4965140943636159,0.5197798107445735,1.2328127526054908,0.010200096085854725,0.018973287060584765
Itaconic acid,C=C(CC(=O)O)C(=O)O,0,0,0,0,4,2,4,0.33104999328821094,-0.4809831571808089,5.388971708321972,0,0,0,0,0,0,0,0,0.4875600915681923,0.9231076538350209,2.0212570620208155,0.004293530025988238,0.6802319778881655
Ketoprofen,CC(C(=O)O)c1cccc(C(=O)c2ccccc2)c1,0,0,2,0,3,1,3,0.3101857384443935,-0.4807884998513802,3.0580078244387767,0,0,0,0,0,0,0,0,0.43470970341754156,0.7999844145527295,3.036199263288387,0.0008771805600840945,0.4597201553128255
Lactic Acid,CC(O)C(=O)O,0,0,0,0,3,2,3,0.3317230795714236,-0.4793355989963274,4.803303309464447,0,0,0,0,0,0,0,0,0.4824221289597586,0.7709718017937847,1.6201907185710573,0.007614955730179733,0.535245758473655
Lauric Acid,CCCCCCCCCCCC(=O)O,0,0,0,0,2,1,2,0.3028395565321837,-0.481230389785217,7.255806386769827,0,0,0,0,0,0,0,0,0.14450526810989356,0.9564758862092331,3.649777737316502,0.0026056796636019348,0.2649954915396143
Levulinic acid,CC(=O)CCC(=O)O,0,0,0,0,3,1,3,0.30328869968374067,-0.4812206333209309,5.360254290528277,0,0,0,0,0,0,0,0,0.35775048407798493,0.8820192362226942,1.9228834483945598,0.00643092154192769,0.3174531754479622
Lidocaine,CCN(CC)CC(=O)Nc1c(C)cccc1C,0,0,1,0,2,1,3,0.23806613187559775,-0.324484604945174,4.234941169700242,1,1,0,1,1,0,0,0,0.33720645922194914,0.9008114253145836,3.0016677775579756,0.0014157752838461124,0.39406104876567977
Limonene,C=C(C)[C@@H]1CC=C(C)CC1,1,0,0,0,0,0,0,0.057545605380062356,-0.099849370815529,4.183901939448395,0,0,0,0,0,0,0,0,0.4097821923886384,0.9364617720649323,2.1592607260987244,0.004220575891304919,0.5357722895688292
Linoleic acid,CCCCC/C=C\C/C=C\CCCCCCCC(=O)O,0,0,0,0,2,1,2,0.30283955653219446,-0.4812303897852169,7.597637381796606,0,0,0,0,0,0,0,0,0.5713360174714807,0.8031301946282939,3.43710826020225,0.0005037155810279453,0.4993421340182778
Malic Acid,O=C(O)CC(O)C(=O)O,0,0,0,0,5,3,5,0.33263479541275126,-0.48114714652829127,5.268730108348185,0,0,0,0,0,0,0,0,0.3116920488066303,0.9304812637785465,2.2098714460205207,0.0051109354670396175,0.3970985032057227
Malonic Acid,O=C(O)CC(=O)O,0,0,0,0,4,2,4,0.3142016814988686,-0.4808059082153091,4.441626445230976,0,0,0,0,0,0,0,0,0.2660029022309363,0.9173244298574428,1.9299777192433747,0.009712540770259471,0.45970380734602373
Mannose,OC[C@H]1O[C@H](O)[C@@H](O)[C@@H](O)[C@@H]1O,0,1,0,0,6,5,6,0.21346340981011272,-0.3935665160029449,3.8764978331589,0,0,0,0,0,0,0,0,0.4750044504835748,0.8240123193598066,2.220777068337377,0.0022443444465763537,0.5172462295914607
Menthol,CC(C)[C@@H]1CC[C@@H](C)C[C@H]1O,1,0,0,0,1,1,1,0.21045980546925236,-0.39282090888948124,4.480564332270446,0,0,0,0,0,0,0,0,0.39569197523620525,0.8552626342627541,2.298861210453471,0.0029456467236146666,0.45311158795189044
Myristic Acid,CCCCCCCCCCCCCC(=O)O,0,0,0,0,2,1,2,0.3028395565321837,-0.481230389785217,7.490740026924421,0,0,0,0,0,0,0,0,0.5433254398684487,0.6996436002867502,3.0475711329154254,0.0006808507882285387,0.4388324759412102
o-Cresol,Cc1ccccc1O,0,0,1,0,1,1,1,0.29310745681025696,-0.5076872844527907,3.7171614934727195,0,0,0,0,0,0,1,0,0.409250039518949,0.614940760324271,1.8574143805205396,0.004076261423591825,0.08286711803412418
Octadecan-1-ol,CCCCCCCCCCCCCCCCCCO,0,0,0,0,1,1,1,0.2100365348450359,-0.39637656934228244,7.8642952682755185,0,0,0,0,0,0,0,0,0.2126917774037741,0.9070351301848433,4.210397684198879,0.0009425582807802819,0.24799810376930978
Oleic acid,CCCCCCCC/C=C\CCCCCCCC(=O)O,0,0,0,0,2,1,2,0.30283955653219446,-0.4812303897852169,7.711929549632987,0,0,0,0,0,0,0,0,0.569710252159085,0.7716961287692078,3.653354873427041,0.0004206163144845833,0.587067974909883
Oxalic Acid,O=C(O)C(=O)O,0,0,0,0,4,2,4,0.4143587214951982,-0.4728148209556821,3.6432249455719163,0,0,0,0,0,0,0,0,0.46794516409298137,0.8948309604540311,1.5882068734405244,0.00994759118472905,0.4765832229733395
Palmitic Acid,CCCCCCCCCCCCCCCC(=O)O,0,0,0,0,2,1,2,0.3028395565321837,-0.481230389785217,7.679508606109001,0,0,0,0,0,0,0,0,0.17211250368415312,0.9417195915293157,4.11116254731981,0.0013342940410020346,0.2630388311392893
Paracetamol,CC(=O)Nc1ccc(O)cc1,0,0,1,0,2,2,3,0.2930920966378401,-0.5079643157925783,3.5145147197531204,0,1,0,0,1,0,1,0,0.3454427239957283,0.9449386562592874,2.3412213720755557,0.0037806734424907645,0.5488026223659397
p-Coumaric acid,O=C(O)/C=C/c1ccc(O)cc1,0,0,1,0,3,2,3,0.32782118481951544,-0.5079662507795569,3.674713856021267,0,0,0,0,0,0,1,0,0.2304862527568598,0.9238021738416169,2.704660140872571,0.0035951338178513113,0.35508188544864444
Pelargonic Acid,CCCCCCCCC(=O)O,0,0,0,0,2,1,2,0.3028395565321837,-0.481230389785217,6.770992380419791,0,0,0,0,0,0,0,0,0.22605087063411122,0.9620832937491388,2.853519899176846,0.003613845744406159,0.3155783007193648
Phenol,Oc1ccccc1,0,0,1,0,1,1,1,0.29309206658456344,-0.5079669948663066,3.5637576760479117,0,0,0,0,0,0,1,0,0.3319611823691698,0.7029618738555863,1.7156548870915418,0.007777732175928397,0.11364635011724532
Phenyl salicylate,O=C(Oc1ccccc1)c1ccccc1O,0,0,2,0,3,1,3,0.3468118641435122,-0.5070525222360159,2.642390307829272,0,0,0,0,0,0,1,0,0.3990913752195029,0.9475057575082584,2.7536549352226625,0.0017149008117286649,0.5223189554665925
Phenylacetic Acid,O=C(O)Cc1ccccc1,0,0,1,0,2,1,2,0.3073147590435002,-0.4809861733231742,3.660045369948251,0,0,0,0,0,0,0,0,0.20907892132618766,0.8404528877977319,2.3294439552352753,0.0055757797778103165,0.1276025351831839
Phenylpropionic Acid,O=C(O)CCc1ccccc1,0,0,1,0,2,1,2,0.30317776269582564,-0.4812219344108281,3.712110406165557,0,0,0,0,0,0,0,0,0.4715800056968452,0.9380551214448642,2.1401030344289262,0.0034843476125969493,0.5778771641695322
Pimelic Acid,O=C(O)CCCCCC(=O)O,0,0,0,0,4,2,4,0.30283955821376407,-0.4812303897809718,6.238314026079063,0,0,0,0,0,0,0,0,0.23547995659606866,0.8970265581170854,2.6381139901735717,0.003643729653218796,0.3319225291707281
Prilocaine,CCCNC(C)C(=O)Nc1ccccc1C,0,0,1,0,2,2,3,0.24072769025871404,-0.324498983990717,3.9959101395537,0,2,0,0,1,0,0,0,0.3372117371418866,0.8342374752243242,2.9703620076449244,0.0013817895129367842,0.3415779533018113
Propionic acid,CCC(=O)O,0,0,0,0,2,1,2,0.30255843749205596,-0.4812379170193394,4.590778800906394,0,0,0,0,0,0,0,0,0.36643024581058325,0.7500020794905261,1.5558085216489794,0.012079199136832317,0.3676572340977717
Ranitidine,CN/C(=C\[N+](=O)[O-])NCCSCc1ccc(CN(C)C)o1,0,0,0,1,7,2,8,0.27357019168239366,-0.4638409773706315,3.7423882678719522,2,2,0,0,0,0,0,0,0.5372893813080406,0.9273275648115462,3.2155568690745917,0.000654235679368129,0.571078188625042
Resorcinol,Oc1cccc(O)c1,0,0,1,0,2,2,2,0.2930955253024167,-0.5078233297968214,3.5553379241657663,0,0,0,0,0,0,2,0,0.3234779731682447,0.7024971719000609,1.9279797402662326,0.00537482590417237,0.06478472561487388
Salicylic Acid,O=C(O)c1ccccc1O,0,0,1,0,3,2,3,0.33896908736073095,-0.507052890945198,3.638276525627961,0,0,0,0,0,0,1,0,0.35965379039195544,0.6990954915938473,2.1335863531318173,0.003182306579909835,0.07737382632867833
Sorbitol,OC[C@H](O)[C@@H](O)[C@H](O)[C@H](O)CO,0,0,0,0,6,6,6,0.21072018131770873,-0.393579134968567,6.970575799753662,0,0,0,0,0,0,0,0,0.33331708113352554,0.8844127191839358,2.5248550653912947,0.002533503527985457,0.45453105949106853
Stearic Acid,CCCCCCCCCCCCCCCCCC(=O)O,0,0,0,0,2,1,2,0.3028395565321837,-0.481230389785217,7.834552780136883,0,0,0,0,0,0,0,0,0.46959972152497603,0.93817482608904,3.6675468594840943,0.0006285395056925625,0.5580682258387923
Suberic Acid,O=C(O)CCCCCCC(=O)O,0,0,0,0,4,2,4,0.3028395565382985,-0.4812303897852094,6.501116739129091,0,0,0,0,0,0,0,0,0.3923150732094581,0.8677070411551235,2.6031515290679472,0.002117306563424028,0.5649440113799171
Succinic Acid,O=C(O)CCC(=O)O,0,0,0,0,4,2,4,0.30343248908825177,-0.48121892931530574,5.056486164184871,0,0,0,0,0,0,0,0,0.34216838444464337,0.9002226843436923,1.9286561988557718,0.006715464077027269,0.4081286192266388
Sucrose,OC[C@H]1O[C@H](O[C@]2(CO)O[C@H](CO)[C@@H](O)[C@@H]2O)[C@H](O)[C@@H](O)[C@@H]1O,0,2,0,0,11,8,11,0.2235503336827939,-0.39356651499978823,3.2356017785193956,0,0,0,0,0,0,0,0,0.3618860552174497,0.9875229102900217,3.22139675430017,0.0009024277282389764,0.46943854632084014
Tartaric Acid,O=C(O)[C@@H](O)[C@H](O)C(=O)O,0,0,0,0,6,4,6,0.33542658750566945,-0.4792396497629858,5.479551832081307,0,0,0,0,0,0,0,0,0.3907847581823318,0.8610235242438204,2.0563429783033094,0.0039088367142276,0.5792184473812285
Tetradecan-1-ol,CCCCCCCCCCCCCCO,0,0,0,0,1,1,1,0.2100365348450359,-0.39637656934228244,7.53462585689751,0,0,0,0,0,0,0,0,0.3439275935617513,0.7950003322815266,3.3312343856176296,0.0010390715677958237,0.29885738933396155
Thiourea,NC(N)=S,0,0,0,0,1,2,3,0.1604962987996412,-0.3765057148380912,3.65123357893369,0,0,2,0,0,0,0,0,0.37540266517303783,0.6395978550980128,1.4005988161978615,0.011494913395386292,0.08235334533951782
Thymol,Cc1ccc(C(C)C)c(O)c1,0,0,1,0,1,1,1,0.29310824760586435,-0.5076548360000178,4.14300200380292,0,0,0,0,0,0,1,0,0.4200867478921233,0.8063364637802206,2.284117941148058,0.002726386011647658,0.3760098263625809
trans-Cinnamic acid,O=C(O)/C=C/c1ccccc1,0,0,1,0,2,1,2,0.327821184684523,-0.47807360446595853,3.657831563521764,0,0,0,0,0,0,0,0,0.20366053422692001,0.9723797267933698,2.613709702690171,0.005132362782435725,0.34361802765560673
Tricarballylic acid,O=C(O)CC(CC(=O)O)C(=O)O,0,0,0,0,6,3,6,0.30717901301736605,-0.48121109478080853,6.217059286799666,0,0,0,0,0,0,0,0,0.3267350107094097,0.8869482052774539,2.4708963915590525,0.0027942190698194993,0.4459732388559347
Triethylene glycol,OCCOCCOCCO,0,0,0,0,4,2,4,0.21015563015997807,-0.39398032487450974,5.546512749533385,0,0,0,0,0,0,0,0,0.34038578462500524,0.79217968160022,2.356328317372464,0.0029761739254510365,0.3454420243187691
Urea,NC(N)=O,0,0,0,0,1,2,3,0.309056401422831,-0.3518462395056391,3.65123357893369,0,0,2,0,2,0,0,0,0.4700075413192334,0.5705349023046279,1.2869054442670782,0.012452121478428847,0.22339489683835995
Xylitol,OC[C@H](O)[C@@H](O)[C@H](O)CO,0,0,0,0,5,5,5,0.21071988974344477,-0.39357913693569924,6.480823983881221,0,0,0,0,0,0,0,0,0.5275603721951985,0.8796526618921013,2.181053751712141,0.002772875108456552,0.49403903932765075
Xylose,O[C@H]1OC[C@@H](O)[C@H](O)[C@H]1O,0,1,0,0,5,4,5,0.2134632214593385,-0.3878997004049285,3.650138996661745,0,0,0,0,0,0,0,0,0.44801230004594444,0.7438557618946868,2.0326350202791432,0.0029335730994392867,0.45053523734736456
[NH4]Cl,[Cl-].[NH4+],0,0,0,0,0,1,2,0.34221475682023506,-1.0,0.0,0,0,0,0,0,1,0,1,0.010087919391186728,0.9996323375750648,2.346563676718613,0.3380576626507513,0.17142440466695957
Arginine,NC(=[NH2+])NCCC[C@H](N)C(=O)[O-],0,0,0,0,3,4,6,0.33826574120309905,-0.5484527221698915,6.524112191703085,0,1,3,0,0,0,0,0,0.31239342178842866,0.9269804420846204,2.6448313363010545,0.002726535860473664,0.48829806902762307
Aspartic acid,[NH3+][C@@H](CC(=O)O)C(=O)[O-],0,0,0,0,4,2,5,0.3445758019957163,-0.5438856252510524,5.734617006271747,0,0,0,0,0,0,0,1,0.2609748617962915,0.9150398298001879,2.1914916000675753,0.005967682165746995,0.4167536825350782
L-Methionine,CSCC[C@H]([NH3+])C(=O)[O-],0,0,0,0,3,1,4,0.34456365253010357,-0.5438969398591836,5.9765811624872205,0,0,0,0,0,0,0,1,0.3421229606493236,0.8553952133705994,2.2352944294739894,0.0036847253225163125,0.34763932880349113
L-Serine,[NH3+][C@@H](CO)C(=O)[O-],0,0,0,0,3,2,4,0.3446321479198459,-0.543834029487962,5.448203708590587,0,0,0,0,0,0,0,1,0.41138744033493396,0.883058664314682,1.8594563874319545,0.006777048749466253,0.4951807047266719
L-Threonine,C[C@@H](O)[C@H]([NH3+])C(=O)[O-],0,0,0,0,3,2,4,0.3446408241778074,-0.5438260801907848,6.041747760412258,0,0,0,0,0,0,0,1,0.4396832189888296,0.8272200192232428,1.9230430095094084,0.004840848074563379,0.6049840046874787
[N2222]Br,CC[N+](CC)(CC)CC.[Br-],0,0,0,0,0,0,2,0.09211413594987473,-1.0,0.0,1,0,0,0,0,1,0,1,0.20594600560506696,0.9318615378754288,2.9832820528562762,0.0025858301749531617,0.6216899648855722
[N3333]Br,CCC[N+](CCC)(CCC)CCC.[Br-],0,0,0,0,0,0,2,0.09240574427708756,-1.0,0.0,1,0,0,0,0,1,0,1,0.22154514626679092,0.8861712734463564,3.9057573759866284,0.0010377906240056356,0.4322156704776439
Betaine,C[N+](C)(C)CC(=O)[O-],0,0,0,0,2,0,3,0.11831230041334989,-0.5441156203540279,6.722283056656533,1,0,0,1,0,0,0,1,0.3764307112161528,0.8910389976339985,1.9043892185601274,0.006316505161299575,0.7142656087194577
Benzyltriphenylphosphonium chloride,[Cl-].c1ccc(C[P+](c2ccccc2)(c2ccccc2)c2ccccc2)cc1,0,0,4,0,0,0,2,0.11607489253403934,-1.0,6.5024869338269895e-06,0,0,0,0,0,1,0,0,0.4510786614612236,0.8923803236886054,3.858165352990263,0.0004004515843893222,0.5972630575117684
Methyltriphenylphosphonium bromide,C[P+](c1ccccc1)(c1ccccc1)c1ccccc1.[Br-],0,0,3,0,0,0,2,0.10864322531048681,-1.0,5.3333259240105725e-06,0,0,0,0,0,1,0,0,0.44630382177264444,0.9240701655769442,3.8204996873058295,0.00047062147829954624,0.49098705648075086
"N,N-Diethylethanolammonium chloride",CC[NH+](CC)CCO.[Cl-],0,0,0,0,1,2,3,0.34766817644602727,-1.0,0.0,0,1,0,1,0,1,0,1,0.39133912486212125,0.8163953536779905,2.7357878698686457,0.0020024340248336993,0.6694419892284597
Phenformin,NC(N)=NC(N)=NCCc1ccccc1,0,0,1,0,1,3,5,0.21804883985935575,-0.3697523937247289,3.7473918814763754,2,0,3,0,0,0,0,0,0.45207214087442693,0.7288737205694191,2.6746070958679855,0.0011973594568531851,0.37948363146381614
Tetracycline,CN(C)[C@@H]1C(=O)C(C(N)=O)=C(O)[C@@]2(O)C(=O)C3=C(O)c4c(O)cccc4[C@@](C)(O)[C@H]3C[C@@H]12,3,0,1,0,9,6,10,0.2931486233910348,-0.5077369129004043,2.6205770464407827,1,0,1,1,1,0,1,0,0.2776073522537719,0.8468044459072516,3.854301604183464,0.0004907455205166468,0.2489154274415995
Ticlopidine,Clc1ccccc1CN1CCc2sccc2C1,0,1,1,1,2,0,3,0.07396205287391802,-0.2943775234430562,2.431884760440663,1,0,0,0,0,1,0,0,0.21765688740401626,0.8959139083439253,3.2943810290646436,0.001519391682216475,0.29031416871253185
Alanine,CC([NH3+])C(=O)[O-],0,0,0,0,2,1,3,0.3445550092733191,-0.5439050292922311,5.352089955344781,0,0,0,0,0,0,0,1,0.4244413665693132,0.6451503243408135,1.6496544138023268,0.00648729261860593,0.3775698913696052
Benzyltripropylammonium chloride,CCC[N+](CCC)(CCC)Cc1ccccc1.[Cl-],0,0,1,0,0,0,2,0.10436061076533795,-1.0,2.0249959614833138e-05,1,0,0,0,0,1,0,1,0.46860045366783204,0.8170374360187951,3.5897586349231485,0.000572990826181626,0.6303939680664524
Tetracaine,CCCCNc1ccc(C(=O)OCCN(C)C)cc1,0,0,1,0,4,1,4,0.3376671984238137,-0.46073270886646656,3.7670312694305235,1,1,0,1,0,0,0,0,0.26095047040517255,0.8678989963039413,3.54633455609011,0.0010647707772171063,0.2495152901583394
Testosterone,C[C@]12CC[C@H]3[C@@H](CCC4=CC(=O)CC[C@@]43C)[C@@H]1CC[C@@H]2O,4,0,0,0,2,1,2,0.21047383687288607,-0.3925514254046628,2.6629070751982136,0,0,0,0,0,0,0,0,0.22898107821745767,0.916430636359059,3.275725767063526,0.0013871507011695588,0.34808384479749893
"2-(Acetoxy)-N,N,N-trimethylethanaminium chloride",CC(=O)OCC[N+](C)(C)C.[Cl-],0,0,0,0,2,0,4,0.30234038771313937,-1.0,0.0,1,0,0,1,0,1,0,1,0.4003128189914271,0.7979990246370784,2.837160557738451,0.0014984003227053334,0.6209161806237385
"2-Chloro-N,N,N-trimethylethanaminium chloride",C[N+](C)(C)CCCl.[Cl-],0,0,0,0,0,0,3,0.09369054463020213,-1.0,0.0,1,0,0,0,0,2,0,1,0.2818036453243446,0.8007385844892227,2.9427996741390996,0.0021613824642373216,0.5342018162711565
Sulfathiazole,Nc1ccc(S(=O)(=O)Nc2nccs2)cc1,0,0,1,1,5,2,7,0.2631613131353624,-0.3987277171274735,2.7180702362399445,1,1,1,0,0,0,0,0,0.2471477679088152,0.8985378118962892,3.0429248564896008,0.0016498393463893384,0.24353596222835303
