Component,Smiles,NumValenceElectrons,TPSA,NumAliphaticCarbocycles,NumAliphaticHeterocycles,NumAromaticCarbocycles,NumAromaticHeterocycles,NumHAcceptors,NumHDonors,NumHeteroatoms,NumRotatableBonds,MaxPartialCharge,MinPartialCharge,BalabanJ,BCUT2D_MWHI,BCUT2D_MWLOW,BCUT2D_CHGHI,BCUT2D_CHGLO,BCUT2D_LOGPHI,BCUT2D_LOGPLOW,BCUT2D_MRHI,BCUT2D_MRLOW,fr_Al_COO,fr_Al_OH,fr_Ar_COO,fr_Ar_N,fr_Ar_OH,fr_C_O_noCOO,fr_NH0,fr_NH1,fr_NH2,fr_Ndealkylation1,fr_amide,fr_halogen,fr_phenol,fr_quatN
[C2Mim]Cl,CCn1cc[n+](C)c1.[Cl-],52,8.809999999999999,0,0,0,1,1,0,3,3,0.24301869934635242,-1.0,3.6099981589009737e-06,-7.591455832025525e-17,-0.2482530771283269,-0.06692216991755003,-2.3754538422838127,-0.10893331711048485,-2.9960048495991067,-2.117973828244653e-17,-1.218754673793232,0,0,0,2,0,0,2,0,0,0,0,1,0,0
[C2Ohmim]Cl,C[n+]1ccn(CCO)c1.[Cl-],58,29.04,0,0,0,1,2,1,4,4,0.24311341166330297,-1.0,3.999997728001341e-06,6.299611495542873e-16,-0.2433246760573855,-0.06648901247094566,-2.394963118009382,-0.10891445852595315,-2.9960050390138853,7.596997112014337e-18,-1.2186410644277803,0,1,0,2,0,0,2,0,0,0,0,1,0,0
[C4Mpyr]Cl,CCCC[N+]1(C)CCCC1.[Cl-],68,0.0,0,1,0,0,0,0,2,5,0.09241205162365797,-1.0,8.999990301010764e-06,-5.856725468308577e-16,-0.24846091740162177,-0.111321554072016,-2.759476750511535,-0.1172785705650162,-2.996007723199702,-6.208028371562673e-16,-1.4362988985778005,0,0,0,0,0,0,1,0,0,0,0,1,0,1
[C4Py]Cl,CCCC[n+]1ccccc1.[Cl-],62,3.88,0,0,0,1,0,0,2,4,0.1682694482335764,-1.0,5.759995507203607e-06,-1.588907850470113e-16,-0.24763877238179488,-0.07099554976816175,-2.557997024616108,-0.330557039065836,-2.996005658351908,-3.0380297602145993e-16,-1.2015922380050081,0,0,0,1,0,0,1,0,0,0,0,1,0,0
[Ch][OAc],CC(=O)[O-].C[N+](C)(C)CCO,68,60.36,0,0,0,0,3,1,4,7,0.21034374956064542,-0.5504770280073037,0.0,5.88333794130956e-18,-0.2467395082667441,-5.251046966111135e-16,-2.7419840745383826,-5.320442164738529e-16,-2.8909182066023473,-2.240163250064813e-16,-1.4865642271504165,1,1,0,0,0,1,1,0,0,1,0,0,0,1
[MeCh]Cl,COCC[N+](C)(C)C.[Cl-],58,9.23,0,0,0,0,1,0,3,7,0.10175669820825954,-1.0,0.0,-6.341559857804184e-16,-0.24651490002904325,-0.12758440900401968,-2.74523080746801,-0.037352461761961,-2.99600748142594,-2.716238791360519e-16,-1.4852230779971605,0,0,0,0,0,0,1,0,0,1,0,1,0,1
[N1111]Cl,C[N+](C)(C)C.[Cl-],40,0.0,0,0,0,0,0,0,2,4,0.0886256781905665,-1.0,0.0,-9.48669362406244e-16,-0.24432220324732504,-0.1390639502166893,-2.7136095331486665,-0.1428809017901798,-2.9960063055375437,-3.198123660759114e-16,-1.5009010560015335,0,0,0,0,0,0,1,0,0,0,0,1,0,1
[N2222]Cl,CC[N+](CC)(CC)CC.[Cl-],64,0.0,0,0,0,0,0,0,2,8,0.09211413594987473,-1.0,0.0,-2.1915365088152973e-15,-0.24900632941391046,-0.10465464123558212,-2.814160952411214,-0.11082169887537989,-2.9960070495275595,-6.947949479038567e-16,-1.459593161333941,0,0,0,0,0,0,1,0,0,0,0,1,0,1
[N3333]Cl,CCC[N+](CCC)(CCC)CCC.[Cl-],88,0.0,0,0,0,0,0,0,2,12,0.09240574427708756,-1.0,0.0,-2.1530596020794334e-15,-0.24927484562266736,-0.10426848534011478,-2.846010974782191,-0.11071341633087636,-2.9960112195942603,-8.20066366369958e-16,-1.4482642429232009,0,0,0,0,0,0,1,0,0,0,0,1,0,1
[N4444]Br,CCCC[N+](CCCC)(CCCC)CCCC.[Br-],112,0.0,0,0,0,0,0,0,2,16,0.09241650226692201,-1.0,0.0,-1.7670428736119593e-15,-0.24929140742694808,-0.10425334781780364,-2.858578208791608,-0.11070744640085059,-2.9960130560149647,-9.215670593743576e-16,-1.4463642294494856,0,0,0,0,0,0,1,0,0,0,0,1,0,1
[N4444]Cl,CCCC[N+](CCCC)(CCCC)CCCC.[Cl-],112,0.0,0,0,0,0,0,0,2,16,0.09241650226692201,-1.0,0.0,-2.189001450860467e-15,-0.24929140742694872,-0.10425334781780364,-2.858578208791608,-0.11070744640085059,-2.9960130560149647,-9.215670593743576e-16,-1.4463642294494856,0,0,0,0,0,0,1,0,0,0,0,1,0,1
[N5555]Br,CCCCC[N+](CCCCC)(CCCCC)CCCCC.[Br-],136,0.0,0,0,0,0,0,0,2,20,0.0924166823968004,-1.0,0.0,-1.9732465745376736e-15,-0.24929243782490484,-0.10425166207310144,-2.863904298199727,-0.11070316952402003,-2.996016198604349,-7.866327462804624e-16,-1.4455429764399934,0,0,0,0,0,0,1,0,0,0,0,1,0,1
"1,1-Dimethylurea",CN(C)C(N)=O,36,46.33,0,0,0,0,1,1,3,2,0.31375611805072245,-0.3515085694047277,5.045159180879668,-3.3642703526247016e-16,-0.24432220324732526,-7.349533699030914e-17,-2.4675503058521406,-1.6454156194489943e-17,-2.6743411032553364,-1.2898029191173456e-19,-0.9976613832989181,0,0,0,0,0,1,1,0,1,0,2,0,0,0
"1,3-Dimethylurea",CNC(=O)NC,36,41.13,0,0,0,0,1,2,3,2,0.3137681860809529,-0.34124570832758877,4.651710113240973,-6.241789347255721e-17,-0.2462497287337098,-1.1726016468870218e-16,-2.4086810123416003,-6.087997169831439e-17,-2.6918304520483605,-7.467845414211653e-17,-0.9546474789011591,0,0,0,0,0,1,0,2,0,0,2,0,0,0
"1,8-Cineole",CC12CCC(CC1)C(C)(C)O2,64,9.23,1,2,0,0,1,0,1,3,0.06617640341770793,-0.3691300164664661,3.3066235150020677,-4.646685071848433e-16,-0.24662059740999465,-2.1983917451239668e-16,-2.9166013212798565,-2.4051161791289354e-16,-2.8864407213689787,-1.8994649110981454e-16,-1.1734195649420962,0,0,0,0,0,0,0,0,0,0,0,0,0,0
1-Methylurea,CNC(N)=O,30,55.12,0,0,0,0,1,2,3,1,0.3114124390020204,-0.3516773223191029,4.260658188955028,1.2325181272100555e-32,-0.24398949833609893,0.0,-2.344407356766086,-2.8282931552325866e-17,-2.6809163032463763,3.589394439515262e-18,-0.9465495809726856,0,0,0,0,0,1,0,1,1,0,2,0,0,0
"2,2,2-Trifluoroacetamide",NC(=O)C(F)(F)F,42,43.09,0,0,0,0,1,1,5,0,0.4704417451482512,-0.3618410396243154,4.055701378201075,18.996999999999993,-0.14018546041676677,0.47844307565865674,-2.118257585059608,0.41919999999999996,-2.5548211510053758,2.57776979868669,-0.722117844095639,0,0,0,0,0,1,0,0,1,0,1,3,0,0
"2,3-Xylenol",Cc1cccc(O)c1C,48,20.23,0,0,1,0,1,1,1,3,0.29310771013049564,-0.5076768161260042,3.944050478028391,4.1816632484635057e-16,-0.24604959819510897,-6.114899964867874e-17,-2.353662070056498,1.0646921019545866e-17,-2.2138869304663205,-5.593127997570921e-19,-0.9568080552910192,0,0,0,0,1,0,0,0,0,0,0,0,1,0
"2,4,6-Trimethylphenol",Cc1cc(C)c(O)c(C)c1,54,20.23,0,0,1,0,1,1,1,4,0.29312286201010707,-0.507407026806241,4.114435526963988,1.0476454887858606e-16,-0.24593496423756128,-9.015380088945636e-17,-2.374575399716649,1.0456714171022947e-17,-2.2291638028318688,1.076219756749819e-16,-0.9488527979497843,0,0,0,0,1,0,0,0,0,0,0,0,1,0
"3,4-Dimethylphenol",Cc1ccc(O)cc1C,48,20.23,0,0,1,0,1,1,1,3,0.29309232255807294,-0.5079562241267914,3.914708119291464,0.0,-0.2460516411817863,1.5407439555097887e-33,-2.354820763896206,-3.270860136374762e-17,-2.2175433704331224,6.888044735276103e-17,-0.9569238773182606,0,0,0,0,1,0,0,0,0,0,0,0,1,0
4-Hydroxybenzoic acid,O=C(O)c1ccc(O)cc1,52,57.53,0,0,1,0,3,2,3,2,0.33518285963636446,-0.507966178790397,3.5964700711021846,11.83413657648865,-0.08932578435175766,0.5167932439664341,-2.182812571620169,0.5436979674208465,-2.1150632716024353,2.1265471417910025,-0.7509925041671764,0,0,1,0,1,0,0,0,0,0,0,0,1,0
5-Phenylvaleric Acid,O=C(O)CCCCc1ccccc1,70,37.3,0,0,1,0,2,1,2,5,0.3028397539035364,-0.48123038870503976,3.8053385510152284,5.849485457922248e-16,-0.1890317926347515,-1.7924459719673321e-16,-2.5877266684162614,-7.557877881718752e-17,-2.509791887969387,7.525429125553197e-19,-1.0630101037636905,1,0,0,0,0,0,0,0,0,0,0,0,0,0
Acetamide,CC(N)=O,24,43.09,0,0,0,0,1,1,2,1,0.2137901795921754,-0.36992058791265336,4.055701378201076,9.694128281803715e-18,-0.2434371251078014,-4.808119228330973e-18,-2.2202566495402802,-8.768580947294151e-17,-2.533016603207195,-3.617185546948653e-17,-0.9312029887015213,0,0,0,0,0,1,0,0,1,0,1,0,0,0
Acetic acid,CC(=O)O,24,37.3,0,0,0,0,2,1,2,1,0.2996845531582142,-0.481433475172105,3.823378455220923,3.3858305091786527e-16,-0.24343041406971905,-3.307039058582361e-18,-2.1302356984787574,-8.576944553888242e-18,-2.2072066067548937,-3.474304177686349e-17,-0.9374755641114312,1,0,0,0,0,0,0,0,0,0,0,0,0,0
Acetylsalicylic Acid,CC(=O)Oc1ccccc1C(=O)O,68,63.60000000000001,0,0,1,0,4,1,4,3,0.33900378687731025,-0.4775395271554559,3.5574681481720223,11.842246714535802,-0.24349010994920314,0.3683590694162644,-2.223042365486879,0.41540776128592793,-2.2554279038838274,2.151367838112175,-0.927265506461867,0,0,1,0,0,1,0,0,0,0,0,0,0,0
Adiphenine,CCN(CC)CCOC(=O)C(c1ccccc1)c1ccccc1,122,29.54,0,0,2,0,3,0,3,10,0.31747223299431276,-0.4636141634681793,3.112837619589133,6.49267322941317e-16,-0.24900632941390882,-2.531810267624266e-16,-2.6740407550719785,-9.367663696544319e-17,-2.765207607023158,2.46745308735324e-16,-1.0993998111899896,0,0,0,0,0,1,1,0,0,1,0,0,0,0
Adipic Acid,O=C(O)CCCCC(=O)O,58,74.6,0,0,0,0,4,2,4,5,0.302839787989633,-0.4812303886150306,5.922961050719135,5.810705555054164e-15,-0.18903051433897275,-5.250133267490173e-17,-2.5632956953100368,-4.9955690602562875e-17,-2.505335137343212,-7.621446815437179e-17,-1.0609854528375566,2,0,0,0,0,0,0,0,0,0,0,0,0,0
Arabinose,O[C@H]1CO[C@H](O)[C@H](O)[C@H]1O,60,90.15,0,1,0,0,5,4,5,4,0.2134632214593385,-0.3878997004049285,3.650138996661745,-1.2528117592998292e-15,-0.16570328462728287,-0.13342612913011487,-2.6859805822250817,-0.02739226039074582,-2.8785587068722496,1.337194244252115e-16,-1.1020614495153873,0,4,0,0,0,0,0,0,0,0,0,0,0,0
Benzamide,NC(=O)c1ccccc1,46,43.09,0,0,1,0,1,1,2,1,0.24819511424564836,-0.3655995116322135,3.5800026055780405,10.892287746767677,-0.14029529008838043,-9.292536882075061e-17,-2.20823967794537,0.08351918891854769,-2.4896112723616666,2.015800489710938,-0.7181396398266758,0,0,0,0,0,1,0,0,1,0,1,0,0,0
Benzoic Acid,O=C(O)c1ccccc1,46,37.3,0,0,1,0,2,1,2,1,0.3351782346710392,-0.47763925058011736,3.5951207107740153,11.282955509410431,-0.09349761993917519,0.48053518965181746,-2.169502757086979,0.5142552831027947,-2.1196041511896295,2.0722343070555196,-0.7355343878099752,0,0,1,0,0,0,0,0,0,0,0,0,0,0
Benzyldimethyl-2-hydroxyethyl-ammonium chloride,C[N+](C)(CCO)Cc1ccccc1.[Cl-],80,20.23,0,0,1,0,1,1,3,7,0.21034375296215116,-1.0,9.609989266262347e-06,-5.445428601747937e-16,-0.24432220324732748,-2.2680848562457106e-16,-2.7488579516823237,-2.9027182919216423e-16,-2.996008507013921,-2.553078638103248e-16,-1.4737052644207864,0,1,0,0,0,0,1,0,0,1,0,1,0,1
Caffeic acid,O=C(O)/C=C/c1ccc(O)c(O)c1,68,77.76,0,0,1,0,4,3,4,4,0.32782120287961375,-0.504259631901577,3.7333355371681742,11.96368223911277,-0.08901400728563291,0.3339978627861938,-2.2200479709635204,0.4235995463890323,-2.090413081191245,2.097260500873339,-0.7645365931904706,1,0,0,0,2,0,0,0,0,0,0,0,2,0
Capric Acid,CCCCCCCCCC(=O)O,72,37.3,0,0,0,0,2,1,2,9,0.3028395565321837,-0.481230389785217,6.955231588343879,-6.308901807961307e-16,-0.24771991251390657,-2.094607253219122e-16,-2.708839037145791,-1.9948756595068032e-16,-2.56669772263893,-3.552313796511942e-16,-1.1629634568371687,1,0,0,0,0,0,0,0,0,0,0,0,0,0
Caprylic Acid,CCCCCCCC(=O)O,60,37.3,0,0,0,0,2,1,2,7,0.30283955653217365,-0.481230389785217,6.556665741628352,-7.953329635873867e-16,-0.24767432253692045,-2.181832276587329e-16,-2.67836525016406,-2.1087201100570175e-16,-2.5450655873165138,-1.5726195453225152e-16,-1.1543632182947665,1,0,0,0,0,0,0,0,0,0,0,0,0,0
ChCl,C[N+](C)(C)CCO.[Cl-],52,20.23,0,0,0,0,1,1,3,6,0.21034374956064542,-1.0,0.0,-7.527660289915033e-16,-0.24432220324732482,-0.12770823425215533,-2.741983657945735,-0.13317741532587568,-2.996006796406357,-1.4644458768150953e-16,-1.4865576668701979,0,1,0,0,0,0,1,0,0,1,0,1,0,1
Citric Acid,O=C(O)CC(O)(CC(=O)O)C(=O)O,74,132.13,0,0,0,0,7,4,7,6,0.3364194912829884,-0.48113877492695273,6.466174563178717,12.897386418418526,-0.1650650717274233,0.3698260228237082,-2.489323844702349,0.30027542109661626,-2.6622667909931055,1.3132704882127173,-0.9288477924598385,3,1,0,0,0,0,0,0,0,0,0,0,0,0
Cyclohexanecarboxylic Acid,O=C(O)C1CCCCC1,52,37.3,1,0,0,0,2,1,2,1,0.30598714269546706,-0.4810264618631636,3.8726131716777514,-7.219413862028409e-18,-0.19157612087456025,-2.17657477258194e-16,-2.762555229042967,-3.6321538453352806e-16,-2.6730777832532153,-1.2108509366675983e-15,-1.1525235395126487,1,0,0,0,0,0,0,0,0,0,0,0,0,0
Cyclohexylpropionic Acid,O=C(O)CCC1CCCCC1,64,37.3,1,0,0,0,2,1,2,3,0.30285025236771057,-0.4812302620979899,4.062761369983276,-1.1094216176324538e-15,-0.19169612516268308,-3.256375044417633e-16,-2.8178342848604823,-3.1848842781235723e-16,-2.6943390490607353,-5.224567399551169e-16,-1.1779424695166647,1,0,0,0,0,0,0,0,0,0,0,0,0,0
DL-camphor,CC12CCC(CC1=O)C2(C)C,62,17.07,2,0,0,0,1,0,1,3,0.13909874627049695,-0.2990642887496957,3.3975189132444417,-1.6816668201631032e-19,-0.24681053574498793,-1.1132458689877074e-16,-2.679498917798662,-9.955102773913566e-17,-2.6253457387077583,-2.9197561741490973e-16,-1.0856463023109106,0,0,0,0,0,1,0,0,0,0,0,0,0,0
D-Mannitol,OC[C@@H](O)[C@@H](O)[C@H](O)[C@H](O)CO,74,121.38000000000001,0,0,0,0,6,6,6,11,0.21072018131770873,-0.393579134968567,6.970575799753662,-0.0522438060044048,-0.16756926230134683,-0.3853490037815539,-2.653419285379686,-0.4207661490147324,-2.852566060801157,-0.20114138079155974,-1.1058988493182822,0,6,0,0,0,0,0,0,0,0,0,0,0,0
Erythritol,OC[C@H](O)[C@H](O)CO,50,80.92,0,0,0,0,4,4,4,7,0.21070232213335782,-0.3935793747869591,5.8936882407861635,-0.05589724085630483,-0.1679277713788793,-0.4373864432105912,-2.583952484301256,-0.47556411038776186,-2.76661343213556,-0.2222990006000286,-1.1006966763863175,0,4,0,0,0,0,0,0,0,0,0,0,0,0
Ethylammonium chloride,CC[NH3+].[Cl-],28,27.64,0,0,0,0,0,1,2,2,0.34399850467780463,-1.0,0.0,-4.474530142821147e-15,-0.24757996510480698,-0.9983823225425572,-2.5162325093017643,-1.0908186803054198,-3.3216054372712907,-2.1201457751264864e-17,-1.8918246585897842,0,0,0,0,0,0,0,0,0,0,0,1,0,1
Ethylene Glycol,OCCO,26,40.46,0,0,0,0,2,2,2,3,0.2101554188611067,-0.3939905415754596,4.2817567617094126,-0.05973027554540952,-0.17986896705357525,-0.7251857153147282,-2.39637977920718,-0.7454190939629284,-2.531992310445786,-0.400094126380782,-1.0875762893980028,0,2,0,0,0,0,0,0,0,0,0,0,0,0
Fructose,OC[C@@]1(O)OC[C@@H](O)[C@@H](O)[C@@H]1O,72,110.38000000000001,0,1,0,0,6,5,6,6,0.21826469096464507,-0.39065918020808504,3.908905542882062,1.325344294483893e-15,-0.16686657816705197,8.192876112460359e-18,-2.7135437593217735,-6.700788708598526e-17,-2.917296229483626,4.3933419808310504e-17,-1.1037083484224786,0,5,0,0,0,0,0,0,0,0,0,0,0,0
Furfuryl alcohol,OCc1ccco1,38,33.370000000000005,0,0,0,1,2,1,2,2,0.21068852022348164,-0.46690881342439633,3.231536431425022,10.560582556022844,-0.16491641954589767,-1.110223024625026e-16,-2.2148600976070365,-5.551115123125783e-17,-2.2247779269088643,0.6501702957523597,-0.9950938313600458,0,1,0,0,0,0,0,0,0,0,0,0,0,0
Gallic acid,O=C(O)c1cc(O)c(O)c(O)c1,64,97.99000000000001,0,0,1,0,5,4,5,4,0.3354623074615446,-0.5041437400350505,3.6945605482864963,12.839717403906823,-0.08291266901923995,0.5506257233345329,-2.2014390378469444,0.5989761760615662,-2.1052956602538946,2.220453059175907,-0.7711741883741293,0,0,1,0,3,0,0,0,0,0,0,0,3,0
Glucose,OC[C@H]1O[C@H](O)[C@H](O)[C@@H](O)[C@@H]1O,72,110.38000000000001,0,1,0,0,6,5,6,6,0.21346340981011272,-0.3935665160029449,3.8764978331589,1.7439054814908929e-15,-0.1663720560015692,-0.10972242124362687,-2.714685926454985,-0.02282462283823811,-2.91272954788046,7.6411100034417e-17,-1.1045001024462697,0,5,0,0,0,0,0,0,0,0,0,0,0,0
Glutamic acid,[NH3+][C@@H](CCC(=O)O)C(=O)[O-],58,105.07,0,0,0,0,4,2,5,5,0.3445634299532338,-0.5438971463898167,6.119028380071338,10.283299328847347,-0.21040856754160178,2.671173449814664e-17,-2.589024602025664,-1.7962702917424377e-17,-3.341012433230665,-2.8635974317559074e-17,-1.875710402208634,2,0,0,0,0,1,0,0,0,0,0,0,0,1
Glutaric Acid,O=C(O)CCCC(=O)O,52,74.6,0,0,0,0,4,2,4,4,0.30285579064841917,-0.48123022797558823,5.537591421860052,10.378487992893627,-0.18567525292069095,-3.973521736571163e-18,-2.4844542828820684,3.0879565445617394e-17,-2.472391036847538,-1.0134852780788139e-17,-1.0088638153687741,2,0,0,0,0,0,0,0,0,0,0,0,0,0
Glycerol,OCC(O)CO,38,60.69,0,0,0,0,3,3,3,5,0.21068477597991972,-0.3935933161206694,5.176410154252893,-0.0578244958023144,-0.16728667390026897,-0.5183448787421849,-2.5164943491356735,-0.5567707991204929,-2.6822998467413335,-0.25843544742962726,-1.0956851211567817,0,3,0,0,0,0,0,0,0,0,0,0,0,0
Glycolic Acid,O=C(O)CO,30,57.53,0,0,0,0,3,2,3,2,0.328849903557252,-0.47954077546948304,3.970539116982576,10.854077163330807,-0.16488632007117196,1.110223024625156e-16,-2.1910485199270995,-1.6653345369377353e-16,-2.395168020523701,1.0422912533059047e-16,-0.9534669531320518,1,1,0,0,0,0,0,0,0,0,0,0,0,0
Hexadecan-1-ol,CCCCCCCCCCCCCCCCO,104,20.23,0,0,0,0,1,1,1,16,0.2100365348450359,-0.39637656934228244,7.7152954441943535,-0.06036038441416962,-0.24785924608956714,-0.7337388968697967,-2.748524117722003,-0.6985581706060553,-2.602635263015651,-0.3900900766796265,-1.1755766756697166,0,1,0,0,0,0,0,0,0,0,0,0,0,0
Hexanoic acid,CCCCCC(=O)O,48,37.3,0,0,0,0,2,1,2,5,0.30283955508920857,-0.48123038978903615,6.002059007100037,-4.623229710676435e-16,-0.24762432044253904,-1.8038547581681543e-16,-2.619910443907382,-2.0541464580855824e-16,-2.5060127680002418,-2.9028935415288704e-16,-1.137770956031959,1,0,0,0,0,0,0,0,0,0,0,0,0,0
Hydroquinone ,Oc1ccc(O)cc1,42,40.46,0,0,1,0,2,2,2,2,0.29309211994462536,-0.5079622369103997,3.5466825900224057,11.084297024010485,-0.08933033171737056,0.03620379924822843,-2.186299053692148,0.16890884938619588,-1.9678439120715627,1.214102030668051,-0.7542896883641668,0,0,0,0,2,0,0,0,0,0,0,0,2,0
Ibuprofen,CC(C)Cc1ccc(C(C)C(=O)O)cc1,82,37.3,0,0,1,0,2,1,2,7,0.3101853515323108,-0.4807885019257389,4.245068196354043,-3.023720691965172e-16,-0.24782062632615012,-3.902680324776319e-16,-2.619715149857544,-7.62698972816674e-17,-2.544675740112503,-7.628359162723332e-17,-1.1252956493945239,1,0,0,0,0,0,0,0,0,0,0,0,0,0
Imidazole,c1c[nH]cn1,26,28.68,0,0,0,1,1,1,2,0,0.16689616327444906,-0.35117678564585386,3.292165666314956,11.06211496285649,-0.08976346901863332,-0.10391150421930129,-1.9563961538096255,-0.1347597509662355,-1.905425473575768,1.5713662479550885,-0.5153000453524741,0,0,0,2,0,0,1,1,0,0,0,0,0,0
Itaconic acid,C=C(CC(=O)O)C(=O)O,50,74.6,0,0,0,0,4,2,4,3,0.33104999328821094,-0.4809831571808089,5.388971708321972,11.985699369551162,-0.16488367592670114,1.7087497616697825e-16,-2.2474477060054006,3.103167691559001e-17,-2.3178183012301883,1.2959980572355587,-0.7837075203438685,2,0,0,0,0,0,0,0,0,0,0,0,0,0
Ketoprofen,CC(C(=O)O)c1cccc(C(=O)c2ccccc2)c1,96,54.37,0,0,2,0,3,1,3,5,0.3101857384443935,-0.4807884998513802,3.0580078244387767,11.25707568229194,-0.244611123323556,0.009401899554781662,-2.4270476224681117,0.09479577400551857,-2.402381536657411,1.989095559424417,-0.9917245883817605,1,0,0,0,0,1,0,0,0,0,0,0,0,0
Lactic Acid,CC(O)C(=O)O,36,57.53,0,0,0,0,3,2,3,3,0.3317230795714236,-0.4793355989963274,4.803303309464447,6.188584244674237e-15,-0.2445010975676814,-1.1743217982473734e-17,-2.377483237135247,-1.301676979005688e-16,-2.5110907495715336,-1.490359270770852e-16,-1.0412211373704126,1,1,0,0,0,0,0,0,0,0,0,0,0,0
Lauric Acid,CCCCCCCCCCCC(=O)O,84,37.3,0,0,0,0,2,1,2,11,0.3028395565321837,-0.481230389785217,7.255806386769827,-1.7292486822588802e-15,-0.24776288534274304,-1.5464497618457858e-16,-2.7266262615698404,-2.9163852807914343e-16,-2.579912913294254,-5.085766191115514e-16,-1.1680732491085566,1,0,0,0,0,0,0,0,0,0,0,0,0,0
Levulinic acid,CC(=O)CCC(=O)O,46,54.370000000000005,0,0,0,0,3,1,3,4,0.30328869968374067,-0.4812206333209309,5.360254290528277,7.5417362512240905e-16,-0.2435040870134382,-2.3639078552967802e-17,-2.4135730145388883,-1.692498741313976e-17,-2.445445770366553,-1.1353154897464122e-17,-0.9508773231106813,1,0,0,0,0,1,0,0,0,0,0,0,0,0
Lidocaine,CCN(CC)CC(=O)Nc1c(C)cccc1C,94,32.34,0,0,1,0,2,1,3,9,0.23806613187559775,-0.324484604945174,4.234941169700242,-2.7434928365220865e-16,-0.24900632941390985,-2.2075610122611433e-16,-2.6443786496243886,-2.7138694186876456e-16,-2.745399889971128,-1.787773321725199e-17,-1.0909473941445005,0,0,0,0,0,1,1,1,0,1,1,0,0,0
Limonene,C=C(C)[C@@H]1CC=C(C)CC1,56,0.0,1,0,0,0,0,0,0,3,0.057545605380062356,-0.099849370815529,4.183901939448395,-1.616449524046792e-15,-0.24596110030025944,-0.028705914074621565,-2.70012018951724,-4.6349724349483244e-17,-2.5734498857288264,-1.345620910485219e-16,-1.0310408880528668,0,0,0,0,0,0,0,0,0,0,0,0,0,0
Linoleic acid,CCCCC/C=C\C/C=C\CCCCCCCC(=O)O,116,37.3,0,0,0,0,2,1,2,15,0.30283955653219446,-0.4812303897852169,7.597637381796606,-1.9969998762494657e-15,-0.24783155642986351,-4.575845790818078e-16,-2.6843550611207267,-4.29665434741907e-16,-2.5492208768252493,-3.8057970189732e-16,-1.1390668664815695,1,0,0,0,0,0,0,0,0,0,0,0,0,0
Malic Acid,O=C(O)CC(O)C(=O)O,52,94.83,0,0,0,0,5,3,5,4,0.33263479541275126,-0.48114714652829127,5.268730108348185,12.34159090921789,-0.1659304953080818,0.32210903184244916,-2.381463108100771,0.26178678835981445,-2.558651976807387,1.130645007539487,-0.9398038076277732,2,1,0,0,0,0,0,0,0,0,0,0,0,0
Malonic Acid,O=C(O)CC(=O)O,40,74.6,0,0,0,0,4,2,4,2,0.3142016814988686,-0.4808059082153091,4.441626445230976,13.271398349277865,-0.16448698065287806,0.33854573896068146,-2.176840638786918,0.2755021719552224,-2.342535000860048,1.2991533540488822,-0.7980721698882529,2,0,0,0,0,0,0,0,0,0,0,0,0,0
Mannose,OC[C@H]1O[C@H](O)[C@@H](O)[C@@H](O)[C@@H]1O,72,110.38000000000001,0,1,0,0,6,5,6,6,0.21346340981011272,-0.3935665160029449,3.8764978331589,1.7439054814908929e-15,-0.1663720560015692,-0.10972242124362687,-2.714685926454985,-0.02282462283823811,-2.91272954788046,7.6411100034417e-17,-1.1045001024462697,0,5,0,0,0,0,0,0,0,0,0,0,0,0
Menthol,CC(C)[C@@H]1CC[C@@H](C)C[C@H]1O,66,20.23,1,0,0,0,1,1,1,5,0.21045980546925236,-0.39282090888948124,4.480564332270446,-0.05884862390262954,-0.24789492335064503,-0.43399121772316546,-2.8534838804192173,-0.4407549178540351,-2.8082772442440134,-0.22026574474517702,-1.186391925044363,0,1,0,0,0,0,0,0,0,0,0,0,0,0
Myristic Acid,CCCCCCCCCCCCCC(=O)O,96,37.3,0,0,0,0,2,1,2,13,0.3028395565321837,-0.481230389785217,7.490740026924421,-8.928871154525998e-16,-0.2478035405376731,-2.8752143383040995e-16,-2.737881170368359,-3.5481338510960416e-16,-2.588570644947863,-6.844800636143038e-16,-1.171391780625808,1,0,0,0,0,0,0,0,0,0,0,0,0,0
o-Cresol,Cc1ccccc1O,42,20.23,0,0,1,0,1,1,1,2,0.29310745681025696,-0.5076872844527907,3.7171614934727195,1.138852558302759e-16,-0.24348529785712078,-4.084417904762449e-17,-2.28552232464444,-2.0051529282792328e-16,-2.1334203814736825,-5.390944207395332e-17,-0.9456695165832578,0,0,0,0,1,0,0,0,0,0,0,0,1,0
Octadecan-1-ol,CCCCCCCCCCCCCCCCCCO,116,20.23,0,0,0,0,1,1,1,18,0.2100365348450359,-0.39637656934228244,7.8642952682755185,-0.06025530018188005,-0.24789495101411144,-0.7326221292197562,-2.752996059930569,-0.6962501686208808,-2.6050837323416465,-0.38765431597911987,-1.1767670565452601,0,1,0,0,0,0,0,0,0,0,0,0,0,0
Oleic acid,CCCCCCCC/C=C\CCCCCCCC(=O)O,118,37.3,0,0,0,0,2,1,2,16,0.30283955653219446,-0.4812303897852169,7.711929549632987,-1.8569067470269345e-15,-0.24785581984415483,-3.68723825951492e-16,-2.7049906841264226,-4.342887324616704e-16,-2.5553909504596097,-3.679270478281189e-16,-1.1597818643360516,1,0,0,0,0,0,0,0,0,0,0,0,0,0
Oxalic Acid,O=C(O)C(=O)O,34,74.6,0,0,0,0,4,2,4,0,0.4143587214951982,-0.4728148209556821,3.6432249455719163,16.017285793905785,-0.06249179253032791,0.5755241157213916,-1.9351208159134268,0.5268294445308377,-2.2043645212933916,1.360994515379442,-0.7506234044983968,2,0,0,0,0,0,0,0,0,0,0,0,0,0
Palmitic Acid,CCCCCCCCCCCCCCCC(=O)O,108,37.3,0,0,0,0,2,1,2,15,0.3028395565321837,-0.481230389785217,7.679508606109001,-1.27497051651422e-15,-0.24784206748530974,-3.620899404495037e-16,-2.745443411118602,-3.391196695528353e-16,-2.5945480265880256,-5.567865669977992e-16,-1.1736858031018658,1,0,0,0,0,0,0,0,0,0,0,0,0,0
Paracetamol,CC(=O)Nc1ccc(O)cc1,58,49.33,0,0,1,0,2,2,3,3,0.2930920966378401,-0.5079643157925783,3.5145147197531204,10.817111598056032,-0.24349439215418361,0.012703705655513374,-2.309827404468957,0.1289364340428558,-2.368864765610926,1.1977607000968478,-0.9257986601200816,0,0,0,0,1,1,0,1,0,0,1,0,1,0
p-Coumaric acid,O=C(O)/C=C/c1ccc(O)cc1,62,57.53,0,0,1,0,3,2,3,3,0.32782118481951544,-0.5079662507795569,3.674713856021267,11.282955509410442,-0.0894518139179021,0.3338236754189786,-2.213465904645119,0.2736539603143971,-2.0925686664613465,2.0599793818844363,-0.7509706150135989,1,0,0,0,1,0,0,0,0,0,0,0,1,0
Pelargonic Acid,CCCCCCCCC(=O)O,66,37.3,0,0,0,0,2,1,2,8,0.3028395565321837,-0.481230389785217,6.770992380419791,-3.40013726637856e-16,-0.2476975346280067,-2.043018096187351e-16,-2.695811800521545,-1.3649103078490069e-16,-2.5573195750770052,-2.8814724607522196e-16,-1.159300433256342,1,0,0,0,0,0,0,0,0,0,0,0,0,0
Phenol,Oc1ccccc1,36,20.23,0,0,1,0,1,1,1,1,0.29309206658456344,-0.5079669948663066,3.5637576760479117,10.421248705688336,-0.0934969377818065,0.034851063559675564,-2.1737980709238167,0.15913196923949044,-1.9727564353142883,1.198035189876906,-0.7510412536383504,0,0,0,0,1,0,0,0,0,0,0,0,1,0
Phenyl salicylate,O=C(Oc1ccccc1)c1ccccc1O,80,46.53,0,0,2,0,3,1,3,3,0.3468118641435122,-0.5070525222360159,2.642390307829272,11.28295550941046,-0.09350029206084037,0.5391785726346395,-2.216556559548646,0.5915478752164712,-2.156272385326411,2.722743696719169,-0.7491888241388264,0,0,0,0,1,1,0,0,0,0,0,0,1,0
Phenylacetic Acid,O=C(O)Cc1ccccc1,52,37.3,0,0,1,0,2,1,2,2,0.3073147590435002,-0.4809861733231742,3.660045369948251,10.78393252623602,-0.1645403074415625,-3.7281702088388613e-17,-2.296308029087232,0.04856273866493622,-2.3371205821279037,1.3101668103676947,-0.7835168863279935,1,0,0,0,0,0,0,0,0,0,0,0,0,0
Phenylpropionic Acid,O=C(O)CCc1ccccc1,58,37.3,0,0,1,0,2,1,2,3,0.30317776269582564,-0.4812219344108281,3.712110406165557,10.214243455843663,-0.17969526009949713,-6.50528527544966e-17,-2.426587574994605,4.223486572330607e-16,-2.424977876947689,-3.252792954298537e-17,-0.9223820129025684,1,0,0,0,0,0,0,0,0,0,0,0,0,0
Pimelic Acid,O=C(O)CCCCCC(=O)O,64,74.6,0,0,0,0,4,2,4,6,0.30283955821376407,-0.4812303897809718,6.238314026079063,1.6263821291257804e-16,-0.19084687564836486,-1.2883996432745703e-16,-2.6151280740274467,-2.5399889001008643e-17,-2.5282035275655614,-6.894021006957438e-17,-1.0933062298367855,2,0,0,0,0,0,0,0,0,0,0,0,0,0
Prilocaine,CCCNC(C)C(=O)Nc1ccccc1C,88,41.13,0,0,1,0,2,2,3,8,0.24072769025871404,-0.324498983990717,3.9959101395537,-3.1202043245919066e-16,-0.2487160986202476,-1.659724637676477e-16,-2.6230082554967904,-1.421614669432438e-16,-2.78355809174597,-2.163660857614311e-16,-1.1029656153459122,0,0,0,0,0,1,0,2,0,0,1,0,0,0
Propionic acid,CCC(=O)O,30,37.3,0,0,0,0,2,1,2,2,0.30255843749205596,-0.4812379170193394,4.590778800906394,8.627626890470389e-32,-0.2474557778022382,-6.324114788196053e-17,-2.3546099649440864,-1.2062051922008761e-17,-2.345364653214278,-1.474317756675008e-16,-1.0492938863680605,1,0,0,0,0,0,0,0,0,0,0,0,0,0
Propylene glycol,CC(O)CO,32,40.46,0,0,0,0,2,2,2,4,0.21054996665545794,-0.3937000421977661,5.06132115453072,-0.058862531308133764,-0.24450161987514216,-0.5449316367678481,-2.5113246020461912,-0.578947814523638,-2.610450406820241,-0.26467928132007523,-1.1115604222112088,0,2,0,0,0,0,0,0,0,0,0,0,0,0
Ranitidine,CN/C(=C\[N+](=O)[O-])NCCSCc1ccc(CN(C)C)o1,118,83.58,0,0,0,1,7,2,8,13,0.27357019168239366,-0.4638409773706315,3.7423882678719522,1.3146820437334102e-15,-0.24656406708560086,-3.328326900359947e-17,-2.5453776445737613,0.0,-2.703493305759625,2.0033572904433413e-16,-1.0407657123084109,0,0,0,0,0,0,2,2,0,0,0,0,0,0
Resorcinol,Oc1cccc(O)c1,42,40.46,0,0,1,0,2,2,2,2,0.2930955253024167,-0.5078233297968214,3.5553379241657663,11.125920746626436,-0.09132470852538487,0.043728381014423126,-2.1864327478694867,0.19545846972109457,-1.9678781431446755,1.2232708528414045,-0.7560968772380262,0,0,0,0,2,0,0,0,0,0,0,0,2,0
Salicylic Acid,O=C(O)c1ccccc1O,52,57.53,0,0,1,0,3,2,3,2,0.33896908736073095,-0.507052890945198,3.638276525627961,11.839697253014814,-0.09269658504648334,0.5244259220295032,-2.183186599569379,0.5710414085807334,-2.109938302192165,2.175366622543857,-0.7499561150742555,0,0,1,0,1,0,0,0,0,0,0,0,1,0
Sorbitol,OC[C@H](O)[C@@H](O)[C@H](O)[C@H](O)CO,74,121.38000000000001,0,0,0,0,6,6,6,11,0.21072018131770873,-0.393579134968567,6.970575799753662,-0.0522438060044048,-0.16756926230134683,-0.3853490037815539,-2.653419285379686,-0.4207661490147324,-2.852566060801157,-0.20114138079155974,-1.1058988493182822,0,6,0,0,0,0,0,0,0,0,0,0,0,0
Stearic Acid,CCCCCCCCCCCCCCCCCC(=O)O,120,37.3,0,0,0,0,2,1,2,17,0.3028395565321837,-0.481230389785217,7.834552780136883,-2.0133870622874788e-15,-0.24787863099386373,-2.6313580482772923e-16,-2.7507651187420685,-3.6109960515287366e-16,-2.598846840389663,-7.968459745709099e-16,-1.175346469447256,1,0,0,0,0,0,0,0,0,0,0,0,0,0
Suberic Acid,O=C(O)CCCCCCC(=O)O,70,74.6,0,0,0,0,4,2,4,7,0.3028395565382985,-0.4812303897852094,6.501116739129091,6.889902667481863e-17,-0.19205912163996233,-5.745821920885549e-17,-2.6504131924217447,-8.99008357558184e-17,-2.544747826351884,-1.9597992707201327e-16,-1.114531777526469,2,0,0,0,0,0,0,0,0,0,0,0,0,0
Succinic Acid,O=C(O)CCC(=O)O,46,74.6,0,0,0,0,4,2,4,3,0.30343248908825177,-0.48121892931530574,5.056486164184871,11.199746541673198,-0.1796909497886483,5.5452588352339585e-33,-2.361896291079486,-1.0395199199959928e-18,-2.4226351778184436,8.000543018446623e-17,-0.921229095240072,2,0,0,0,0,0,0,0,0,0,0,0,0,0
Sucrose,OC[C@H]1O[C@H](O[C@]2(CO)O[C@H](CO)[C@@H](O)[C@@H]2O)[C@H](O)[C@@H](O)[C@@H]1O,136,189.52999999999997,0,2,0,0,11,8,11,13,0.2235503336827939,-0.39356651499978823,3.2356017785193956,10.084966045424714,-0.1675452621248936,-1.1102261839556482e-16,-2.726529904208504,-1.0413571831977256e-16,-2.9221847592908787,0.14464308167770826,-1.0909905650351541,0,8,0,0,0,0,0,0,0,0,0,0,0,0
Tartaric Acid,O=C(O)[C@@H](O)[C@H](O)C(=O)O,58,115.06000000000002,0,0,0,0,6,4,6,5,0.33542658750566945,-0.4792396497629858,5.479551832081307,13.279715878941852,-0.09215619430535057,0.3519975313847959,-2.396496788692063,0.27854113259969737,-2.6674650573911958,1.2452514605910079,-0.9496554543175052,2,2,0,0,0,0,0,0,0,0,0,0,0,0
Tetradecan-1-ol,CCCCCCCCCCCCCCO,92,20.23,0,0,0,0,1,1,1,14,0.2100365348450359,-0.39637656934228244,7.53462585689751,-0.060453516505246024,-0.24782164813123353,-0.7349153403800929,-2.7423030380685622,-0.7012998453779538,-2.5993278755081244,-0.392555415675589,-1.1739984061651476,0,1,0,0,0,0,0,0,0,0,0,0,0,0
Thiourea,NC(N)=S,24,52.04,0,0,0,0,1,2,3,0,0.1604962987996412,-0.3765057148380912,3.65123357893369,-1.2351759105333098e-32,-0.14108923516496813,-6.938893903907228e-17,-2.211865219143001,-1.131317262093034e-16,-2.663202781792923,5.805992335567886e-16,-0.7487198685962577,0,0,0,0,0,0,0,0,2,0,0,0,0,0
Thymol,Cc1ccc(C(C)C)c(O)c1,60,20.23,0,0,1,0,1,1,1,5,0.29310824760586435,-0.5076548360000178,4.14300200380292,-2.42641948516003e-16,-0.2474856432936641,-3.6895821731060767e-16,-2.538742697225717,-2.2353516866309946e-17,-2.399713373499522,4.111862050289365e-17,-1.0758879738182419,0,0,0,0,1,0,0,0,0,0,0,0,1,0
trans-Cinnamic acid,O=C(O)/C=C/c1ccccc1,56,37.3,0,0,1,0,2,1,2,2,0.327821184684523,-0.47807360446595853,3.657831563521764,11.081895644311764,-0.09350804308730061,0.3337703090550294,-2.2056789081569366,0.2736367151261204,-2.0947011904939394,2.0180969547855896,-0.7391887265071643,1,0,0,0,0,0,0,0,0,0,0,0,0,0
Tricarballylic acid,O=C(O)CC(CC(=O)O)C(=O)O,68,111.89999999999999,0,0,0,0,6,3,6,5,0.30717901301736605,-0.48121109478080853,6.217059286799666,12.261948554541407,-0.16680590294095907,0.3194317978073191,-2.4802358921446865,0.26614118780551965,-2.5702937565880117,1.2740426293092484,-0.9192931143595361,3,0,0,0,0,0,0,0,0,0,0,0,0,0
Triethylene glycol,OCCOCCOCCO,62,58.92,0,0,0,0,4,2,4,9,0.21015563015997807,-0.39398032487450974,5.546512749533385,-6.390980674488249e-16,-0.1801933055947685,-0.18053015355905896,-2.544353973287918,-0.033621323088834774,-2.654207793330261,-5.337952134337124e-17,-1.0725539615060578,0,2,0,0,0,0,0,0,0,0,0,0,0,0
Urea,NC(N)=O,24,69.11,0,0,0,0,1,2,3,0,0.309056401422831,-0.3518462395056391,3.65123357893369,0.0,-0.14108923516496852,0.0,-2.1712520554669044,0.0,-2.665064568097221,3.474304177686347e-17,-0.7542781808209537,0,0,0,0,0,1,0,0,2,0,2,0,0,0
Xylitol,OC[C@H](O)[C@@H](O)[C@H](O)CO,62,101.15,0,0,0,0,5,5,5,9,0.21071988974344477,-0.39357913693569924,6.480823983881221,-0.05404806782217597,-0.16749639406979333,-0.40285992410218,-2.6256798755385886,-0.4394329941639249,-2.8184395504062585,-0.20825490806843697,-1.1036090877211195,0,5,0,0,0,0,0,0,0,0,0,0,0,0
Xylose,O[C@H]1OC[C@@H](O)[C@H](O)[C@H]1O,60,90.15,0,1,0,0,5,4,5,4,0.2134632214593385,-0.3878997004049285,3.650138996661745,-2.347129747233126e-15,-0.1657032846272819,-0.13342612913011495,-2.685980582225078,-0.027392260390745746,-2.878558706872243,-4.7756937293628744e-17,-1.102061449515387,0,4,0,0,0,0,0,0,0,0,0,0,0,0
[NH4]Cl,[Cl-].[NH4+],16,36.5,0,0,0,0,0,1,2,0,0.34221475682023506,-1.0,0.0,-1.4760276334513375e-15,-0.27605228182641783,-1.0000013282792906,-2.191100021592703,-2.2529234085605028,-2.9960014273295066,-3.701899897734529e-18,-1.1968840330368917,0,0,0,0,0,0,0,0,0,0,0,1,0,1
Arginine,NC(=[NH2+])NCCC[C@H](N)C(=O)[O-],70,129.79,0,0,0,0,3,4,6,6,0.33826574120309905,-0.5484527221698915,6.524112191703085,2.0990367838711693e-16,-0.18617841587162334,-7.735648735321924e-17,-2.625803506051734,-1.8712064563549494e-16,-3.013102423257521,-5.875771666295231e-17,-1.458049182901636,1,0,0,0,0,1,0,1,3,0,0,0,0,0
Aspartic acid,[NH3+][C@@H](CC(=O)O)C(=O)[O-],52,105.07,0,0,0,0,4,2,5,4,0.3445758019957163,-0.5438856252510524,5.734617006271747,11.161192480173181,-0.21029439935217228,-2.7755575296065407e-17,-2.5312679586948024,1.0585386750179896e-17,-3.3408257393725975,3.8905929631161575e-17,-1.8750580754400523,2,0,0,0,0,1,0,0,0,0,0,0,0,1
L-Methionine,CSCC[C@H]([NH3+])C(=O)[O-],54,67.77,0,0,0,0,3,1,4,6,0.34456365253010357,-0.5438969398591836,5.9765811624872205,7.473406399447203e-19,-0.24269662569898004,-2.2533550564034897e-16,-2.605343912723781,-8.501276669804984e-18,-3.342037824685953,-2.5084810607859185e-17,-1.875590543328092,1,0,0,0,0,1,0,0,0,0,0,0,0,1
L-Serine,[NH3+][C@@H](CO)C(=O)[O-],42,88.0,0,0,0,0,3,2,4,4,0.3446321479198459,-0.543834029487962,5.448203708590587,7.704882239752436e-17,-0.21029633100443682,-6.431055836390362e-17,-2.5390177260188835,-1.2475263389019096e-16,-3.349591514282885,-2.477325589307168e-17,-1.8752433057060376,1,1,0,0,0,1,0,0,0,0,0,0,0,1
L-Threonine,C[C@@H](O)[C@H]([NH3+])C(=O)[O-],48,88.0,0,0,0,0,3,2,4,5,0.3446408241778074,-0.5438260801907848,6.041747760412258,0.0,-0.24468432279497346,-1.3235299201331594e-16,-2.59545216565569,-8.317696226397525e-17,-3.352506167875857,-1.5404197459526387e-16,-1.8747031646479597,1,1,0,0,0,1,0,0,0,0,0,0,0,1
[N2222]Br,CC[N+](CC)(CC)CC.[Br-],64,0.0,0,0,0,0,0,0,2,8,0.09211413594987473,-1.0,0.0,-1.2767309094761882e-15,-0.24900632941391074,-0.10465464123558212,-2.814160952411214,-0.11082169887537989,-2.9960070495275595,-6.947949479038567e-16,-1.459593161333941,0,0,0,0,0,0,1,0,0,0,0,1,0,1
Benzyltriphenylphosphonium chloride,[Cl-].c1ccc(C[P+](c2ccccc2)(c2ccccc2)c2ccccc2)cc1,134,0.0,0,0,4,0,0,0,2,5,0.11607489253403934,-1.0,6.5024869338269895e-06,10.988970509731892,-0.16406948336101118,0.04436536435535818,-2.479735424088059,0.04866549367154288,-2.996010323030593,2.2052155437373306,-0.715413759981996,0,0,0,0,0,0,0,0,0,0,0,1,0,0
Methyltriphenylphosphonium bromide,C[P+](c1ccccc1)(c1ccccc1)c1ccccc1.[Br-],106,0.0,0,0,3,0,0,0,2,4,0.10864322531048681,-1.0,5.3333259240105725e-06,10.457591222469198,-0.24264528563848292,0.04409088699284236,-2.4507002316672977,-1.9064824452200218e-16,-2.9960082967751656,2.205215543737328,-0.8607315837343029,0,0,0,0,0,0,0,0,0,0,0,1,0,0
Betaine monohydrate,C[N+](C)(C)CC(=O)[O-],48,40.129999999999995,0,0,0,0,2,0,3,5,0.11831230041334989,-0.5441156203540279,6.722283056656533,1.9907264559125859e-16,-0.24432220324732504,-4.075494288062616e-16,-2.717473886418484,-3.7691180941268326e-16,-2.877824247850594,-1.3528435998909607e-16,-1.4723576735122885,1,0,0,0,0,1,1,0,0,1,0,0,0,1
[N3333]Br,CCC[N+](CCC)(CCC)CCC.[Br-],88,0.0,0,0,0,0,0,0,2,12,0.09240574427708756,-1.0,0.0,-2.2644118286036544e-15,-0.24927484562266708,-0.10426848534011478,-2.846010974782191,-0.11071341633087636,-2.9960112195942603,-8.20066366369958e-16,-1.4482642429232009,0,0,0,0,0,0,1,0,0,0,0,1,0,1
Betaine,C[N+](C)(C)CC(=O)[O-],48,40.129999999999995,0,0,0,0,2,0,3,5,0.11831230041334989,-0.5441156203540279,6.722283056656533,1.9907264559125859e-16,-0.24432220324732504,-4.075494288062616e-16,-2.717473886418484,-3.7691180941268326e-16,-2.877824247850594,-1.3528435998909607e-16,-1.4723576735122885,1,0,0,0,0,1,1,0,0,1,0,0,0,1
"N,N-Diethylethanolammonium chloride",CC[NH+](CC)CCO.[Cl-],58,24.67,0,0,0,0,1,2,3,7,0.34766817644602727,-1.0,0.0,-2.806799403990429e-15,-0.24900632941390966,-0.6093979893653012,-2.7358715053035176,-0.7687073833255421,-3.5066011490787754,-1.950175465563927e-16,-1.6647552909339955,0,1,0,0,0,0,0,1,0,1,0,1,0,1
Phenformin,NC(N)=NC(N)=NCCc1ccccc1,80,102.78,0,0,1,0,1,3,5,3,0.21804883985935575,-0.3697523937247289,3.7473918814763754,2.7434325181782516e-15,-0.17959870666216535,-1.498673327917962e-16,-2.428898438959994,1.3005565236933345e-17,-2.6891976085244074,7.92792381827967e-16,-0.8955560517398686,0,0,0,0,0,0,2,0,3,0,0,0,0,0
Tetracycline,CN(C)[C@@H]1C(=O)C(C(N)=O)=C(O)[C@@]2(O)C(=O)C3=C(O)c4c(O)cccc4[C@@](C)(O)[C@H]3C[C@@H]12,170,181.61999999999998,3,0,1,0,9,6,10,10,0.2931486233910348,-0.5077369129004043,2.6205770464407827,11.20072055668841,-0.2463929759815427,1.5688015484300595e-16,-2.782787538004391,1.864381094038684e-16,-2.882633465033381,1.2332923442040753,-1.0488450524722837,0,4,0,0,1,3,1,0,1,1,1,0,1,0
Ticlopidine,Clc1ccccc1CN1CCc2sccc2C1,88,3.24,0,1,1,1,2,0,3,2,0.07396205287391802,-0.2943775234430562,2.431884760440663,10.866772092794589,-0.17967256332812268,-7.629922971334474e-17,-2.660214478275608,1.3437242065979716e-16,-2.705104631467154,2.0108803133541593,-0.9869229292919971,0,0,0,0,0,0,1,0,0,0,0,1,0,0
Alanine,CC([NH3+])C(=O)[O-],36,67.77,0,0,0,0,2,1,3,3,0.3445550092733191,-0.5439050292922311,5.352089955344781,1.5302784553556212e-27,-0.24449292032262507,-7.9125069252332e-17,-2.5363320426683202,-8.348642693733295e-17,-3.338665070578628,-2.0347215413582645e-17,-1.8766922637906587,1,0,0,0,0,1,0,0,0,0,0,0,0,1
Benzyltripropylammonium chloride,CCC[N+](CCC)(CCC)Cc1ccccc1.[Cl-],104,0.0,0,0,1,0,0,0,2,11,0.10436061076533795,-1.0,2.0249959614833138e-05,-1.040356651225786e-15,-0.24927484562266908,-4.3995857067051847e-16,-2.825614645284451,-5.591814761113986e-16,-2.9960116280511455,-6.95513460474712e-16,-1.4477076088197336,0,0,0,0,0,0,1,0,0,0,0,1,0,1
Tetracaine,CCCCNc1ccc(C(=O)OCCN(C)C)cc1,106,41.57,0,0,1,0,4,1,4,11,0.3376671984238137,-0.46073270886646656,3.7670312694305235,1.157601462766536e-16,-0.24885316487601364,-1.520803743983609e-16,-2.615990177161525,-1.0916817827347537e-16,-2.717843363628387,3.794820287519968e-17,-1.1193805132100285,0,0,0,0,0,1,1,1,0,1,0,0,0,0
Testosterone,C[C@]12CC[C@H]3[C@@H](CCC4=CC(=O)CC[C@@]43C)[C@@H]1CC[C@@H]2O,116,37.3,4,0,0,0,2,1,2,3,0.21047383687288607,-0.3925514254046628,2.6629070751982136,-4.688187447242686e-16,-0.24598972753388224,-1.3295802397644388e-16,-2.9463445086817726,-1.413409281557819e-16,-2.875420502719095,-9.429250434422792e-17,-1.1459740112234322,0,1,0,0,0,1,0,0,0,0,0,0,0,0
"2-(Acetoxy)-N,N,N-trimethylethanaminium chloride",CC(=O)OCC[N+](C)(C)C.[Cl-],68,26.3,0,0,0,0,2,0,4,7,0.30234038771313937,-1.0,0.0,-1.1926719124476882e-16,-0.2467377026585903,-3.2175663934706445e-16,-2.739785410917989,-4.021252903343731e-16,-2.9960080727008305,-1.5586331547289012e-16,-1.4846032642728795,0,0,0,0,0,1,1,0,0,1,0,1,0,1
"2-Chloro-N,N,N-trimethylethanaminium chloride",C[N+](C)(C)CCCl.[Cl-],52,0.0,0,0,0,0,0,0,3,5,0.09369054463020213,-1.0,0.0,-2.4818013315752744e-16,-0.24432220324732462,-0.08081205596822857,-2.7385373481836615,-2.9315440280944976e-16,-2.996006478587032,-3.771870775910449e-17,-1.4821622837383945,0,0,0,0,0,0,1,0,0,0,0,2,0,1
"2-Fluoro-N,N,N-trimethylethanaminium chloride",C[N+](C)(C)CCF.[Cl-],52,0.0,0,0,0,0,0,0,3,5,0.13827396282272034,-1.0,0.0,-1.030088231164529e-19,-0.24432220324732512,-0.12746871065610196,-2.7339504544087303,-5.657329402882209e-16,-2.996006480475978,-2.330153913494686e-16,-1.4843069099164192,0,0,0,0,0,0,1,0,0,0,0,2,0,1
Sulfathiazole,Nc1ccc(S(=O)(=O)Nc2nccs2)cc1,84,85.08,0,0,1,1,5,2,7,4,0.2631613131353624,-0.3987277171274735,2.7180702362399445,12.723009713754864,-0.14030967743431488,0.47812035610561293,-2.2734791772979364,0.5004818324711955,-2.374358213245967,2.8800281562782093,-0.6223835321945822,0,0,0,1,0,0,1,1,1,0,0,0,0,0
