Component#1,Smiles#1,Component#2,Smiles#2,mu_InfD#1,mu_InfD#2,partial_pressure_InfD#1,partial_pressure_InfD#2,Free_energy_COSMO_InfD#1,Free_energy_COSMO_InfD#2,H_int_InfD#1,H_int_InfD#2,H_MF_InfD#1,H_MF_InfD#2,H_HB_InfD#1,H_HB_InfD#2,H_vdW_InfD#1,H_vdW_InfD#2,ln_gamma_InfD#1,ln_gamma_InfD#2
[C2Mim]Cl,CCn1cc[n+](C)c1.[Cl-],ChCl,C[N+](C)(C)CCO.[Cl-],1.83401,1.93568,-12.84373,-13.05968,-505251.98677,-495309.07356,-4.67740,-4.93195,8.00994,7.03855,-2.62029,-2.73976,-10.06705,-9.23073,0.25914,0.21643
[C2OHmim]Cl,C[n+]1ccn(CCO)c1.[Cl-],ChCl,C[N+](C)(C)CCO.[Cl-],0.64754,1.80126,-11.57382,-13.15821,-552476.29860,-495309.20798,-5.67381,-6.01602,6.84680,6.02373,-3.01053,-3.07396,-9.51008,-8.96580,-0.03759,-0.01045
[C4Mpyr]Cl,CCCC[N+]1(C)CCCC1.[Cl-],ChCl,C[N+](C)(C)CCO.[Cl-],1.87569,1.87310,-11.71248,-13.10555,-546030.36236,-495309.13613,-4.44397,-4.28644,9.12715,7.30772,-2.17245,-2.39742,-11.39867,-9.19674,0.16560,0.11081
[C4Py]Cl,CCCC[n+]1ccccc1.[Cl-],ChCl,C[N+](C)(C)CCO.[Cl-],1.20005,2.06478,-14.12302,-12.96504,-543769.23943,-495308.94445,-5.58871,-5.28207,8.67650,6.75995,-2.82155,-2.81830,-11.44365,-9.22372,0.31326,0.43434
[Ch][OAc],CC(=O)[O-].C[N+](C)(C)CCO,ChCl,C[N+](C)(C)CCO.[Cl-],0.69045,1.73066,-9.75509,-13.20996,-349913.97999,-495309.27858,-5.05901,-5.37576,7.02309,5.46127,-2.22274,-2.40474,-9.85935,-8.43229,-0.31024,-0.12960
[Ch][OAc],CC(=O)[O-].C[N+](C)(C)CCO,Urea,NC(N)=O,-0.49204,-2.00707,-10.62186,-3.61809,-349915.16247,-141433.91553,-10.82529,-6.72657,3.94054,1.96938,-5.92881,-4.81705,-8.83702,-3.87891,-2.30605,-1.12044
[MeCh]Cl,COCC[N+](C)(C)C.[Cl-],ChCl,C[N+](C)(C)CCO.[Cl-],2.35055,1.87696,-13.26161,-13.10272,-519968.75691,-495309.13227,-5.52454,-5.13662,8.00267,6.80327,-3.23366,-2.90779,-10.29355,-9.03209,0.11875,0.11733
[N1111]Cl,C[N+](C)(C)C.[Cl-],[NH4]Cl,[Cl-].[NH4+],-2.62346,-5.60763,-16.43777,-18.11573,-423415.00089,-324742.44517,-15.70162,-12.18977,3.46820,1.84965,-10.42233,-9.20532,-8.74749,-4.83411,-9.44034,-2.53853
[N2222]Cl,CC[N+](CC)(CC)CC.[Cl-],[N1111]Cl,C[N+](C)(C)C.[Cl-],2.95734,2.92750,-11.05512,-12.36889,-522108.62250,-423409.44994,-2.36951,-2.57275,10.62429,7.89873,-1.83994,-2.03998,-11.15386,-8.43151,-0.25670,-0.07139
[N2222]Cl,CC[N+](CC)(CC)CC.[Cl-],ChCl,C[N+](C)(C)CCO.[Cl-],3.01655,1.55100,-11.01172,-13.34165,-522108.56329,-495309.45823,-3.41082,-3.51484,9.48027,7.80730,-1.87709,-2.09575,-11.01400,-9.22639,-0.15678,-0.43283
[N3333]Cl,CCC[N+](CCC)(CCC)CCC.[Cl-],[N1111]Cl,C[N+](C)(C)C.[Cl-],1.09160,3.19319,-11.78547,-12.17413,-620811.58308,-423409.18424,-3.76224,-2.52683,12.50379,7.88923,-1.82335,-2.00422,-14.44268,-8.41184,-0.39343,0.37705
[N3333]Cl,CCC[N+](CCC)(CCC)CCC.[Cl-],ChCl,C[N+](C)(C)CCO.[Cl-],1.59472,1.85374,-11.41668,-13.11974,-620811.07996,-495309.15549,-4.77586,-3.49158,11.43727,7.79180,-1.87511,-2.06780,-14.33802,-9.21557,0.45575,0.07813
[N4444]Br,CCCC[N+](CCCC)(CCCC)CCCC.[Br-],Malonic Acid,O=C(O)CC(=O)O,-16.03007,-6.70682,-23.81636,-5.25331,-2046200.84664,-262208.17756,-34.78546,-11.99666,4.58952,2.51868,-24.74443,-8.87677,-14.63054,-5.63857,-24.44852,-9.72664
[N4444]Br,CCCC[N+](CCCC)(CCCC)CCCC.[Br-],Oxalic Acid,O=C(O)C(=O)O,-21.30560,-7.53700,-27.68335,-5.93602,-2046206.12217,-237523.78500,-37.52688,-12.91569,4.84151,2.05938,-28.05533,-10.21070,-14.31307,-4.76437,-33.35260,-12.35863
[N4444]Cl,CCCC[N+](CCCC)(CCCC)CCCC.[Cl-],Arginine,NC(=[NH2+])NCCC[C@H](N)C(=O)[O-],0.96617,-0.40119,-12.15001,-33.82782,-719517.00392,-380784.60005,-16.52660,-13.75913,7.73058,8.76854,-7.55368,-12.16906,-16.70350,-10.35861,2.27503,5.77247
[N4444]Cl,CCCC[N+](CCCC)(CCCC)CCCC.[Cl-],Aspartic acid,[NH3+][C@@H](CC(=O)O)C(=O)[O-],-0.38574,-5.49273,-13.14097,-21.01783,-719518.35583,-321640.85477,-23.05698,-15.38702,6.97708,4.84919,-14.49901,-13.19319,-15.53505,-7.04302,-0.00674,-3.74622
[N4444]Cl,CCCC[N+](CCCC)(CCCC)CCCC.[Cl-],ChCl,C[N+](C)(C)CCO.[Cl-],0.25796,2.20560,-12.66913,-12.86183,-719517.71213,-495308.80364,-6.49525,-3.55516,13.20268,7.78263,-2.04922,-2.14163,-17.64872,-9.19616,1.07971,0.67200
[N4444]Cl,CCCC[N+](CCCC)(CCCC)CCCC.[Cl-],Glutamic acid,[NH3+][C@@H](CCC(=O)O)C(=O)[O-],-1.24362,-5.17017,-13.76980,-20.16345,-719519.21371,-346318.95189,-22.63822,-15.17777,6.88699,5.54605,-13.56861,-12.56356,-15.95660,-8.16026,-1.45468,-3.49323
[N4444]Cl,CCCC[N+](CCCC)(CCCC)CCCC.[Cl-],L-Methionine,CSCC[C@H]([NH3+])C(=O)[O-],-2.06536,-3.26781,-14.37214,-14.85849,-719520.03545,-502503.45691,-19.92699,-10.34381,6.64586,5.50751,-8.69237,-6.51215,-17.88048,-9.33918,-2.84161,-2.23204
[N4444]Cl,CCCC[N+](CCCC)(CCCC)CCCC.[Cl-],L-Serine,[NH3+][C@@H](CO)C(=O)[O-],4.92514,-2.96309,-9.24806,-18.29350,-719513.04495,-250471.46421,-18.06148,-12.19229,9.53314,5.13636,-11.24241,-11.11940,-16.35220,-6.20925,8.95701,1.24600
[N4444]Cl,CCCC[N+](CCCC)(CCCC)CCCC.[Cl-],L-Threonine,C[C@@H](O)[C@H]([NH3+])C(=O)[O-],0.12924,-3.38116,-12.76349,-14.82751,-719517.84085,-275154.66399,-20.22311,-11.50761,7.08824,4.88976,-10.76868,-9.42521,-16.54268,-6.97217,0.86245,-0.94916
[N4444]Cl,CCCC[N+](CCCC)(CCCC)CCCC.[Cl-],Urea,NC(N)=O,-1.52359,-2.80419,-13.97501,-4.20238,-719519.49367,-141434.71264,-16.47957,-6.58909,7.27082,2.71877,-8.34161,-5.10522,-15.40878,-4.20264,-1.92720,-2.46582
[N5555]Br,CCCCC[N+](CCCCC)(CCCCC)CCCCC.[Br-],Erythritol,OC[C@H](O)[C@H](O)CO,-4.37591,-4.67247,-15.14886,-6.36750,-2144889.99758,-288351.77300,-24.77417,-11.73399,7.24793,3.82104,-12.59645,-8.44601,-19.42565,-7.10903,-1.13112,-1.11940
"1,1-Dimethylurea",CN(C)C(N)=O,ChCl,C[N+](C)(C)CCO.[Cl-],-1.01823,2.05535,-1.11537,-12.97196,-190771.36372,-495308.95389,-3.57932,-6.71468,4.22794,5.28473,-1.68291,-3.64814,-6.12435,-8.35128,-0.17253,0.41841
"1,3-Dimethylurea",CNC(=O)NC,[N2222]Br,CC[N+](CC)(CC)CC.[Br-],-2.35387,0.45501,-2.39658,-12.49870,-190773.73566,-1848780.04670,-5.05480,-10.27409,3.58364,5.07995,-2.22119,-4.69717,-6.41725,-10.65687,-1.07031,-2.54576
"1,3-Dimethylurea",CNC(=O)NC,ChCl,C[N+](C)(C)CCO.[Cl-],-2.13186,1.68654,-2.23385,-13.24229,-190773.51365,-495309.32269,-4.95668,-9.18215,3.87559,4.50852,-2.50221,-5.25505,-6.33005,-8.43562,-0.69560,-0.20406
"1,8-Cineole",CC12CCC(CC1)C(C)(C)O2,Ibuprofen,CC(C)Cc1ccc(C(C)C(=O)O)cc1,-6.25118,-7.06324,-0.70490,-4.23917,-293228.65567,-412236.42444,-10.24555,-13.58041,1.67879,2.94741,-2.66866,-4.29626,-9.25568,-12.23157,-1.11448,-2.36510
1-Methylurea,CNC(N)=O,ChCl,C[N+](C)(C)CCO.[Cl-],-2.09734,0.48816,-2.82682,-14.12072,-166104.05792,-495310.52108,-5.44688,-10.30244,3.03681,3.94035,-3.20366,-5.94235,-5.28003,-8.30044,-1.33144,-2.22670
"2,2,2-Trifluoroacetamide",NC(=O)C(F)(F)F,Benzyltriphenylphosphonium chloride,[Cl-].c1ccc(C[P+](c2ccccc2)(c2ccccc2)c2ccccc2)cc1,-3.42920,-8.71773,-1.62845,-23.12837,-318250.22885,-1109369.62838,-7.41572,-20.40427,1.72523,4.95530,-4.37778,-9.87457,-4.76317,-15.48500,-4.46245,-10.24771
"2,2,2-Trifluoroacetamide",NC(=O)C(F)(F)F,ChCl,C[N+](C)(C)CCO.[Cl-],-3.22252,-3.24210,-1.47695,-16.85502,-318250.02218,-495314.25134,-5.45904,-13.47844,2.17086,2.71073,-2.97952,-8.83365,-4.65038,-7.35552,-4.11362,-8.52267
"2,2,2-Trifluoroacetamide",NC(=O)C(F)(F)F,Ethylammonium chloride,CC[NH3+].[Cl-],-1.32088,-2.30442,-0.08303,-12.86928,-318248.12053,-374087.00639,-5.83729,-12.82445,1.91965,2.03408,-2.99984,-9.20591,-4.75710,-5.65262,-0.90400,-1.54080
"2,2,2-Trifluoroacetamide",NC(=O)C(F)(F)F,Methyltriphenylphosphonium bromide,C[P+](c1ccccc1)(c1ccccc1)c1ccccc1.[Br-],-2.37928,-6.85901,-0.85885,-23.42724,-318249.17893,-2291009.08792,-6.18076,-18.45103,1.68220,4.60726,-3.13676,-9.33773,-4.72621,-13.72056,-2.69038,-7.71158
"2,3-Xylenol",Cc1cccc(O)c1C,ChCl,C[N+](C)(C)CCO.[Cl-],-5.84059,-8.20779,-1.75394,-20.49490,-242373.15919,-495319.21703,-7.42022,-26.11566,3.96440,2.72305,-3.26416,-20.19863,-8.12045,-8.64007,-4.05165,-16.90379
"2,4,6-Trimethylphenol",Cc1cc(C)c(O)c(C)c1,ChCl,C[N+](C)(C)CCO.[Cl-],-5.12204,-2.97750,-0.89854,-16.66107,-267051.26849,-495313.98674,-6.25479,-22.54890,4.80603,3.05920,-1.92676,-16.95557,-9.13407,-8.65252,-1.26036,-8.07607
"3,4-Dimethylphenol",Cc1ccc(O)cc1C,ChCl,C[N+](C)(C)CCO.[Cl-],-5.62930,-6.00838,-1.92518,-18.88272,-242373.55905,-495317.01762,-7.39665,-24.97763,4.15649,2.87980,-3.34503,-19.23823,-8.20811,-8.61920,-3.48606,-13.19161
4-Hydroxybenzoic acid,O=C(O)c1ccc(O)cc1,ChCl,C[N+](C)(C)CCO.[Cl-],-8.07759,-8.14569,-6.69517,-20.44938,-311409.93349,-495319.15493,-12.06438,-26.88099,3.30250,2.40195,-7.72453,-21.06425,-7.64235,-8.21869,-8.58884,-16.79898
5-Phenylvaleric Acid,O=C(O)CCCCc1ccccc1,ChCl,C[N+](C)(C)CCO.[Cl-],-5.59863,-2.03785,-3.61063,-15.97229,-362882.73497,-495313.04708,-8.32051,-22.55205,6.51806,3.32504,-3.53263,-17.40962,-11.30594,-8.46748,-2.10693,-6.49012
Acetamide,CC(N)=O,ChCl,C[N+](C)(C)CCO.[Cl-],-1.27512,1.28933,-0.98733,-13.53346,-131349.02527,-495309.71991,-3.82163,-8.65782,2.93088,4.66040,-2.18588,-5.01930,-4.56664,-8.29892,-0.61335,-0.87449
Acetamide,CC(N)=O,Ethylammonium chloride,CC[NH3+].[Cl-],-0.66263,-1.02824,-0.53838,-11.93384,-131348.41278,-374085.73022,-5.81938,-11.06137,2.37632,2.95547,-3.51358,-7.76769,-4.68212,-6.24915,0.42041,0.61314
Acetic acid,CC(=O)O,[N4444]Br,CCCC[N+](CCCC)(CCCC)CCCC.[Br-],-3.47606,-9.19398,0.21771,-18.80547,-143822.87918,-2046194.01055,-5.86882,-30.15927,2.16613,5.44336,-3.71182,-19.97720,-4.32313,-15.62542,-3.05343,-12.91052
Acetic acid,CC(=O)O,Betaine monohydrate,C[N+](C)(C)CC(=O)[O-].O,-4.78196,-6.41664,-0.73952,-17.19120,-143824.18508,-252587.25992,-6.98310,-26.92467,2.80829,2.62293,-5.72770,-23.09543,-4.06368,-6.45217,-5.25753,-16.78698
Acetylsalicylic Acid,CC(=O)Oc1ccccc1C(=O)O,ChCl,C[N+](C)(C)CCO.[Cl-],-5.35424,-4.13818,-4.35781,-17.51185,-407227.62175,-495315.14742,-8.13773,-24.68408,5.24848,2.87830,-3.93437,-19.34213,-9.45184,-8.22025,-3.60479,-10.03507
Adiphenine,CCN(CC)CCOC(=O)C(c1ccccc1)c1ccccc1,Acetylsalicylic Acid,CC(=O)Oc1ccccc1C(=O)O,-7.39794,-3.56149,-6.06943,-3.04372,-616663.71102,-407225.82900,-14.34852,-9.62869,4.77296,2.90426,-2.50023,-3.32319,-16.62125,-9.20975,0.03319,-0.57897
Adiphenine,CCN(CC)CCOC(=O)C(c1ccccc1)c1ccccc1,Urea,NC(N)=O,-1.25832,2.38379,-1.56905,-0.39956,-616657.57140,-141429.52466,-9.89764,-2.63874,7.07933,2.80452,-1.08481,-1.51723,-15.89216,-3.92603,10.39569,6.29049
Adipic Acid,O=C(O)CCCCC(=O)O,[N2222]Br,CC[N+](CC)(CC)CC.[Br-],-6.39545,-6.07402,-5.51240,-17.28451,-336241.05112,-1848786.57573,-11.04700,-25.57865,4.57607,3.56724,-6.93773,-19.09678,-8.68534,-10.04911,-6.56637,-13.56550
Adipic Acid,O=C(O)CCCCC(=O)O,[N3333]Br,CCC[N+](CCC)(CCC)CCC.[Br-],-6.21296,-8.10865,-5.37864,-19.05135,-336240.86864,-1947486.89550,-11.56281,-29.41333,4.26658,4.43522,-7.14110,-20.67723,-8.68829,-13.17132,-6.25837,-14.41886
Adipic Acid,O=C(O)CCCCC(=O)O,ChCl,C[N+](C)(C)CCO.[Cl-],-5.82072,-4.02756,-5.09112,-17.43076,-336240.47640,-495315.03679,-10.64518,-23.43021,5.05585,2.99047,-7.18614,-18.43087,-8.51489,-7.98981,-5.59635,-9.84837
Arabinose,O[C@H]1CO[C@H](O)[C@H](O)[C@H]1O,ChCl,C[N+](C)(C)CCO.[Cl-],-5.61114,-1.40935,-6.48274,-15.51160,-359501.30293,-495312.41858,-10.93341,-17.70174,4.06101,3.13889,-7.69917,-12.87185,-7.29526,-7.96878,-3.77507,-5.42933
Benzamide,NC(=O)c1ccccc1,ChCl,C[N+](C)(C)CCO.[Cl-],-3.20474,1.12485,-3.44169,-13.65402,-251702.89159,-495309.88439,-5.68683,-9.53501,4.14013,3.94902,-2.19426,-4.98009,-7.63271,-8.50394,-1.52688,-1.15210
Benzoic Acid,O=C(O)c1ccccc1,Betaine,C[N+](C)(C)CC(=O)[O-],-7.14848,-7.60320,-3.53576,-18.06096,-264179.11326,-252588.44648,-8.95308,-28.51349,4.00516,2.43352,-5.82612,-24.14659,-7.13212,-6.80042,-6.46571,-18.78967
Benzoic Acid,O=C(O)c1ccccc1,ChCl,C[N+](C)(C)CCO.[Cl-],-5.31374,-4.64193,-2.19089,-17.88110,-264177.27852,-495315.65116,-7.28386,-25.20844,3.78052,2.87162,-3.71529,-19.72274,-7.34909,-8.35733,-3.36903,-10.88530
Benzyldimethyl-2-hydroxyethyl-ammonium chloride,C[N+](C)(CCO)Cc1ccccc1.[Cl-],ChCl,C[N+](C)(C)CCO.[Cl-],0.33544,1.83873,-14.28393,-13.13074,-640337.05735,-495309.17050,-6.22092,-5.63273,8.75576,5.72042,-2.48470,-2.35764,-12.49198,-8.99550,-0.22786,0.05281
Caffeic acid,O=C(O)/C=C/c1ccc(O)c(O)c1,ChCl,C[N+](C)(C)CCO.[Cl-],-9.70437,-7.27398,-9.82777,-19.81041,-407223.81034,-495318.28322,-15.11880,-26.37976,4.22589,2.44392,-9.68172,-20.62749,-9.66297,-8.19618,-10.05294,-15.32770
Capric Acid,CCCCCCCCCC(=O)O,[N1111]Cl,C[N+](C)(C)C.[Cl-],-8.33758,-3.38025,-3.36827,-16.99250,-341236.74625,-423415.75768,-9.32406,-27.22380,7.14318,3.02615,-4.20325,-22.52141,-12.26399,-7.72854,-3.63447,-10.71765
Capric Acid,CCCCCCCCCC(=O)O,[N2222]Cl,CC[N+](CC)(CC)CC.[Cl-],-8.43877,-6.16918,-3.44245,-17.74491,-341236.84744,-522117.74902,-11.21489,-30.52870,5.24267,3.03766,-4.10179,-23.02929,-12.35577,-10.53707,-3.80526,-15.66051
Capric Acid,CCCCCCCCCC(=O)O,[N3333]Cl,CCC[N+](CCC)(CCC)CCC.[Cl-],-8.51123,-9.08996,-3.49556,-19.24860,-341236.91990,-620821.76463,-12.18837,-34.37722,4.45494,3.15855,-4.26626,-23.72157,-12.37704,-13.81420,-3.92756,-17.57793
Capric Acid,CCCCCCCCCC(=O)O,[N4444]Cl,CCCC[N+](CCCC)(CCCC)CCCC.[Cl-],-8.79304,-12.12557,-3.70213,-21.74632,-341237.20171,-719530.09566,-13.34093,-39.52093,4.03904,3.33038,-5.00364,-25.79734,-12.37632,-17.05397,-4.40319,-19.82131
Capric Acid,CCCCCCCCCC(=O)O,ChCl,C[N+](C)(C)CCO.[Cl-],-6.52227,-0.67816,-2.03764,-14.97564,-341234.93093,-495311.68740,-8.96611,-22.32886,6.82500,3.71415,-3.55823,-17.56496,-12.23287,-8.47805,-0.57057,-4.19523
Capric Acid,CCCCCCCCCC(=O)O,Lauric Acid,CCCCCCCCCCCC(=O)O,-6.17798,-7.34101,-1.78528,-2.68206,-341234.58665,-390588.06645,-13.13210,-14.82132,2.18677,2.47662,-3.46665,-3.56792,-11.85222,-13.73002,0.01051,0.01190
Capric Acid,CCCCCCCCCC(=O)O,Lidocaine,CCN(CC)CC(=O)Nc1c(C)cccc1C,-9.00906,-8.28404,-3.86047,-8.63701,-341237.41773,-459174.63797,-15.98112,-21.20442,3.23956,2.93240,-7.27822,-10.72770,-11.94246,-13.40912,-4.76780,-6.46624
Capric Acid,CCCCCCCCCC(=O)O,Menthol,CC(C)[C@@H]1CC[C@@H](C)C[C@H]1O,-6.51882,-6.43826,-2.03512,-1.23163,-341234.92749,-293992.56490,-13.96771,-11.55750,2.12036,1.62963,-4.04625,-3.15758,-12.04182,-10.02955,-0.56476,-0.38657
Capric Acid,CCCCCCCCCC(=O)O,Myristic Acid,CCCCCCCCCCCCCC(=O)O,-6.16249,-8.48877,-1.77392,-3.59676,-341234.57116,-439941.54200,-13.19722,-16.46622,2.11789,2.70053,-3.41581,-3.47942,-11.89929,-15.68733,0.03667,0.04538
Capric Acid,CCCCCCCCCC(=O)O,Palmitic Acid,CCCCCCCCCCCCCCCC(=O)O,-6.14360,-9.66350,-1.76007,-4.51746,-341234.55227,-489295.05037,-13.24229,-18.21357,2.06606,2.91745,-3.37169,-3.46860,-11.93666,-17.66242,0.06855,0.09287
Capric Acid,CCCCCCCCCC(=O)O,Stearic Acid,CCCCCCCCCCCCCCCCCC(=O)O,-6.12476,-10.84744,-1.74627,-5.42842,-341234.53343,-538648.57666,-13.25479,-20.03878,2.03012,3.11939,-3.31628,-3.54270,-11.96863,-19.61548,0.10034,0.14802
Capric Acid,CCCCCCCCCC(=O)O,Thymol,Cc1ccc(C(C)C)c(O)c1,-6.68320,-4.96552,-2.15561,-1.16206,-341235.09187,-291724.09640,-13.03966,-9.34415,2.60935,2.02358,-3.75013,-1.83944,-11.89887,-9.52829,-0.84220,-0.64435
Caprylic Acid,CCCCCCCC(=O)O,Capric Acid,CCCCCCCCCC(=O)O,-4.92730,-6.17038,-0.81411,-1.77971,-291881.61204,-341234.57905,-11.12501,-12.89903,2.08243,2.41392,-3.40498,-3.58838,-9.80245,-11.72457,0.01965,0.02334
Caprylic Acid,CCCCCCCC(=O)O,Menthol,CC(C)[C@@H]1CC[C@@H](C)C[C@H]1O,-5.23841,-6.40519,-1.04215,-1.20738,-291881.92316,-293992.53183,-12.00986,-11.41713,1.98067,1.77672,-3.97282,-3.21586,-10.01771,-9.97799,-0.50545,-0.33074
Caprylic Acid,CCCCCCCC(=O)O,Thymol,Cc1ccc(C(C)C)c(O)c1,-5.41765,-4.95707,-1.17354,-1.15587,-291882.10239,-291724.08795,-11.19643,-9.19291,2.33441,2.13048,-3.61237,-1.83054,-9.91847,-9.49285,-0.80797,-0.63009
ChCl,C[N+](C)(C)CCO.[Cl-],[N1111]Cl,C[N+](C)(C)C.[Cl-],1.76630,2.93075,-13.18383,-12.36650,-495309.24293,-423409.44668,-4.00376,-4.16304,7.99662,6.81366,-2.82023,-2.75515,-9.18015,-8.22155,-0.06945,-0.06591
ChCl,C[N+](C)(C)CCO.[Cl-],[NH4]Cl,[Cl-].[NH4+],-0.65470,-3.55195,-14.95844,-16.60890,-495311.66393,-324740.38949,-14.01934,-10.81037,4.09945,1.81580,-8.44928,-7.84826,-9.66951,-4.77790,-4.15562,0.93107
Citric Acid,O=C(O)CC(O)(CC(=O)O)C(=O)O,ChCl,C[N+](C)(C)CCO.[Cl-],-8.87282,-5.55296,-13.50002,-18.54889,-477171.07557,-495316.56219,-17.48774,-24.57015,4.58366,2.49490,-13.58202,-19.41957,-8.48938,-7.64548,-7.66910,-12.42295
Cyclohexanecarboxylic Acid,O=C(O)C1CCCCC1,Menthol,CC(C)[C@@H]1CC[C@@H](C)C[C@H]1O,-4.08530,-6.32787,-0.75820,-1.15070,-266448.82155,-293992.45451,-9.88308,-11.25582,1.66963,1.88341,-3.87200,-3.27037,-7.68072,-9.86885,-0.38427,-0.20024
Cyclohexylpropionic Acid,O=C(O)CCC1CCCCC1,Menthol,CC(C)[C@@H]1CC[C@@H](C)C[C@H]1O,-5.07954,-6.38275,-1.68098,-1.19094,-315802.15969,-293992.50939,-11.61105,-11.40557,1.90396,1.77814,-3.94783,-3.21339,-9.56718,-9.97032,-0.45948,-0.29288
DL-camphor,CC12CCC(CC1=O)C2(C)C,Betaine,C[N+](C)(C)CC(=O)[O-],-3.30460,7.14659,-0.15753,-7.24928,-292471.52555,-252573.69669,-3.33367,-0.32625,5.83950,7.14922,-0.23264,-0.63559,-8.94053,-6.83988,0.92363,6.10513
DL-camphor,CC12CCC(CC1=O)C2(C)C,ChCl,C[N+](C)(C)CCO.[Cl-],-2.65412,5.49532,0.31927,-10.45044,-292470.87507,-495305.51392,-3.43307,-2.05936,5.87991,7.10894,-0.24492,-0.73667,-9.06806,-8.43163,2.02151,6.22442
D-Mannitol,OC[C@@H](O)[C@@H](O)[C@H](O)[C@H](O)CO,ChCl,C[N+](C)(C)CCO.[Cl-],-6.40239,-0.75809,-11.55037,-15.03422,-432155.84481,-495311.76733,-14.22376,-16.77146,5.05516,3.26206,-10.30260,-12.07287,-8.97631,-7.96065,-3.59716,-4.33013
Erythritol,OC[C@H](O)[C@H](O)CO,[N3333]Br,CCC[N+](CCC)(CCC)CCC.[Br-],-5.27125,-2.35500,-6.80641,-14.83390,-288352.37178,-1947481.14186,-11.41277,-20.88054,3.88548,5.48243,-8.17282,-12.96230,-7.12543,-13.40066,-2.13003,-4.70782
Erythritol,OC[C@H](O)[C@H](O)CO,ChCl,C[N+](C)(C)CCO.[Cl-],-5.31785,-0.26897,-6.84056,-14.67570,-288352.41837,-495311.27821,-11.39880,-16.68022,4.02703,3.49876,-8.44441,-12.08924,-6.98142,-8.08973,-2.20867,-3.50459
Ethylammonium chloride,CC[NH3+].[Cl-],Urea,NC(N)=O,-2.41410,-2.07358,-12.94968,-3.66684,-374087.11607,-141433.98204,-13.48365,-8.72974,2.18409,1.60955,-9.63366,-6.05365,-6.03408,-4.28565,-1.72591,-1.23270
Ethylene Glycol,OCCO,[Ch][OAc],CC(=O)[O-].C[N+](C)(C)CCO,-4.63098,-2.09023,-1.59030,-11.79335,-144553.88786,-349916.76067,-9.44570,-17.97398,2.07878,3.54824,-7.16086,-12.54529,-4.36363,-8.97693,-2.88134,-5.00349
Ethylene Glycol,OCCO,[N3333]Br,CCC[N+](CCC)(CCC)CCC.[Br-],-4.50042,-4.52250,-1.49460,-16.42269,-144553.75730,-1947483.30935,-7.77577,-23.48462,2.25395,4.75278,-5.28606,-14.72127,-4.74366,-13.51613,-2.66099,-8.36612
Ethylene Glycol,OCCO,[N3333]Cl,CCC[N+](CCC)(CCC)CCC.[Cl-],-5.57597,-6.03895,-2.28299,-17.01220,-144554.83285,-620818.71363,-8.71902,-26.58713,2.44035,4.60558,-6.42151,-17.86261,-4.73786,-13.33011,-4.47630,-12.42842
Ethylene Glycol,OCCO,[N4444]Br,CCCC[N+](CCCC)(CCCC)CCCC.[Br-],-4.35125,-5.76287,-1.38526,-16.29045,-144553.60813,-2046190.57944,-7.89352,-25.39777,2.21951,5.36738,-5.38132,-14.66696,-4.73172,-16.09818,-2.40922,-7.11946
Ethylene Glycol,OCCO,[N4444]Cl,CCCC[N+](CCCC)(CCCC)CCCC.[Cl-],-5.75384,-7.87619,-2.41336,-18.63151,-144555.01072,-719525.84628,-9.62077,-30.48928,2.41237,5.39191,-7.29913,-19.41550,-4.73402,-16.46569,-4.77651,-12.64917
Ethylene Glycol,OCCO,Benzyltriphenylphosphonium chloride,[Cl-].c1ccc(C[P+](c2ccccc2)(c2ccccc2)c2ccccc2)cc1,-5.50914,-6.88273,-2.23400,-21.78331,-144554.76602,-1109367.79338,-11.99939,-27.89522,2.21428,5.95532,-9.51190,-16.07846,-4.70177,-17.77208,-4.36350,-7.15059
Ethylene Glycol,OCCO,ChCl,C[N+](C)(C)CCO.[Cl-],-4.34735,-1.40050,-1.38240,-15.50511,-144553.60423,-495312.40973,-7.54532,-18.52771,2.49405,3.21601,-5.38250,-13.57041,-4.65687,-8.17331,-2.40263,-5.41439
Ethylene Glycol,OCCO,Methyltriphenylphosphonium bromide,C[P+](c1ccccc1)(c1ccccc1)c1ccccc1.[Br-],-3.87452,-4.98395,-1.03581,-22.05281,-144553.13140,-2291007.21286,-8.40224,-24.93448,1.92364,5.32492,-5.64827,-14.55951,-4.67761,-15.69990,-1.60458,-4.54684
Ethylene Glycol,OCCO,"N,N-Diethylethanolammonium chloride",CC[NH+](CC)CCO.[Cl-],-3.31377,-0.93975,-0.62478,-7.65004,-144552.57065,-519999.47289,-6.96675,-12.21553,2.05264,3.44477,-4.43260,-6.86695,-4.58679,-8.79335,-0.65815,-1.68209
Fructose,OC[C@@]1(O)OC[C@@H](O)[C@@H](O)[C@@H]1O,ChCl,C[N+](C)(C)CCO.[Cl-],-6.30346,-1.11130,-8.45443,-15.29313,-431401.43834,-495312.12054,-12.72319,-16.95254,4.62083,3.15904,-8.94035,-12.12428,-8.40367,-7.98729,-3.88000,-4.92629
Furfuryl alcohol,OCc1ccco1,ChCl,C[N+](C)(C)CCO.[Cl-],-3.43482,-0.52836,-1.43534,-14.86583,-216298.95195,-495311.53759,-5.62478,-15.87347,3.60243,3.46425,-2.83132,-10.95456,-6.39590,-8.38316,-1.88181,-3.94238
Gallic acid,O=C(O)c1cc(O)c(O)c(O)c1,ChCl,C[N+](C)(C)CCO.[Cl-],-11.91650,-9.97727,-12.04672,-21.79193,-405865.17997,-495320.98650,-18.89445,-27.48302,2.96545,2.10922,-13.65172,-21.60914,-8.20819,-7.98310,-15.10388,-19.89033
Glucose,OC[C@H]1O[C@H](O)[C@H](O)[C@@H](O)[C@@H]1O,ChCl,C[N+](C)(C)CCO.[Cl-],-8.23436,-2.65657,-10.02090,-16.42582,-431401.95922,-495313.66581,-15.56700,-19.45238,4.23167,2.65885,-11.20362,-14.16972,-8.59505,-7.94151,-6.16555,-7.53440
Glutamic acid,[NH3+][C@@H](CCC(=O)O)C(=O)[O-],ChCl,C[N+](C)(C)CCO.[Cl-],-4.03332,-0.20119,-19.33014,-14.62601,-346317.81504,-495311.21042,-13.58264,-13.31455,4.38156,3.25423,-9.93597,-8.54291,-8.02823,-8.02587,-1.57445,-3.39019
Glutaric Acid,O=C(O)CCCC(=O)O,[N2222]Br,CC[N+](CC)(CC)CC.[Br-],-6.24190,-6.88330,-5.41480,-17.87771,-311564.26989,-1848787.38500,-10.70175,-26.12785,4.00928,3.41192,-7.02996,-19.59810,-7.68108,-9.94167,-7.01673,-14.93139
Glutaric Acid,O=C(O)CCCC(=O)O,ChCl,C[N+](C)(C)CCO.[Cl-],-5.73794,-4.93024,-5.04540,-18.09243,-311563.76594,-495315.93947,-10.47667,-24.08186,4.29940,2.75509,-7.26133,-18.92228,-7.51473,-7.91467,-6.16615,-11.37191
Glycerol,OCC(O)CO,[Ch][OAc],CC(=O)[O-].C[N+](C)(C)CCO,-4.26516,-0.57930,-4.41158,-10.68583,-216455.08261,-349915.24974,-10.76206,-15.70747,3.01466,4.09302,-8.30556,-10.93249,-5.47116,-8.86800,-1.93298,-2.45333
Glycerol,OCC(O)CO,[N3333]Br,CCC[N+](CCC)(CCC)CCC.[Br-],-3.93405,-1.83409,-4.16888,-14.45207,-216454.75151,-1947480.62094,-8.60938,-19.28260,3.48606,5.96116,-6.10986,-11.81649,-5.98559,-13.42727,-1.37414,-3.82861
Glycerol,OCC(O)CO,[N4444]Br,CCCC[N+](CCCC)(CCCC)CCCC.[Br-],-3.75906,-3.11711,-4.04061,-14.35109,-216454.57652,-2046187.93368,-8.83996,-21.29570,3.41119,6.61725,-6.27729,-11.89822,-5.97386,-16.01473,-1.07879,-2.65394
Glycerol,OCC(O)CO,[N4444]Cl,CCCC[N+](CCCC)(CCCC)CCCC.[Cl-],-5.32073,-4.69068,-5.18532,-16.29651,-216456.13818,-719522.66077,-10.63484,-26.90007,3.74392,6.60862,-8.39678,-17.15564,-5.98198,-16.35305,-3.71458,-7.27264
Glycerol,OCC(O)CO,Benzyltriphenylphosphonium chloride,[Cl-].c1ccc(C[P+](c2ccccc2)(c2ccccc2)c2ccccc2)cc1,-5.04756,-4.29589,-4.98508,-19.88714,-216455.86502,-1109365.20654,-13.44341,-24.65041,3.28696,6.95169,-10.83142,-14.10418,-5.89894,-17.49792,-3.25353,-2.78450
Glycerol,OCC(O)CO,Betaine monohydrate,C[N+](C)(C)CC(=O)[O-].O,-5.93982,-0.85617,-5.63912,-13.11534,-216456.75728,-252581.69945,-10.78801,-19.09560,4.24111,3.47317,-9.51003,-16.03525,-5.51909,-6.53351,-4.75950,-7.40197
Glycerol,OCC(O)CO,ChCl,C[N+](C)(C)CCO.[Cl-],-3.86062,0.43853,-4.11506,-14.15710,-216454.67808,-495310.57071,-8.51205,-15.30286,3.68797,3.93331,-6.33383,-11.14256,-5.86618,-8.09360,-1.25021,-2.31047
Glycerol,OCC(O)CO,Methyltriphenylphosphonium bromide,C[P+](c1ccccc1)(c1ccccc1)c1ccccc1.[Br-],-3.34103,-2.79429,-3.73419,-20.44777,-216454.15849,-2291005.02320,-9.65660,-21.49017,2.83197,6.21902,-6.62220,-12.22908,-5.86637,-15.48010,-0.37325,-0.85110
Glycerol,OCC(O)CO,"N,N-Diethylethanolammonium chloride",CC[NH+](CC)CCO.[Cl-],-2.74019,0.16692,-3.29377,-6.83885,-216453.55765,-519998.36622,-7.85991,-9.79771,3.03870,4.05894,-5.11384,-5.14408,-5.78478,-8.71257,0.64086,0.18575
Glycerol,OCC(O)CO,Phenformin,NC(N)=NC(N)=NCCc1ccccc1,-2.79593,-2.58008,-3.33463,-4.86761,-216453.61339,-416749.22844,-10.76517,-12.04417,1.97850,3.94783,-7.39646,-5.25872,-5.34721,-10.73328,0.54678,0.05744
Glycerol,OCC(O)CO,Ranitidine,CN/C(=C\[N+](=O)[O-])NCCSCc1ccc(CN(C)C)o1,-2.53091,-1.80790,-3.14037,-11.00525,-216453.34837,-848263.49520,-9.68131,-16.24604,2.54893,6.50666,-6.73972,-6.54369,-5.49052,-16.20901,0.99409,2.32569
Glycerol,OCC(O)CO,Tetracycline,CN(C)[C@@H]1C(=O)C(C(N)=O)=C(O)[C@@]2(O)C(=O)C3=C(O)c4c(O)cccc4[C@@](C)(O)[C@H]3C[C@@H]12,-2.29087,-2.75408,-2.96442,-11.69688,-216453.10833,-981884.27995,-10.91910,-17.78226,2.10411,6.15432,-7.81986,-7.92128,-5.20335,-16.01530,1.39923,2.81051
Glycerol,OCC(O)CO,Ticlopidine,Clc1ccccc1CN1CCc2sccc2C1,1.59899,-4.34651,-0.11313,-2.23551,-216449.21847,-913240.79829,-5.07405,-9.15618,3.00893,4.25859,-2.11436,-0.24066,-5.96862,-13.17411,7.96456,5.82098
Glycolic Acid,O=C(O)CO,Betaine,C[N+](C)(C)CC(=O)[O-],-7.62726,-6.00606,-6.56271,-16.89024,-191044.73620,-252586.84934,-12.64878,-25.81291,2.99489,2.44576,-11.34471,-21.96191,-4.29896,-6.29675,-8.35054,-16.09400
Glycolic Acid,O=C(O)CO,ChCl,C[N+](C)(C)CCO.[Cl-],-4.91025,-3.69728,-4.57112,-17.18866,-191042.01918,-495314.70651,-9.45236,-21.86631,2.51193,2.76889,-7.33436,-16.84068,-4.62993,-7.79452,-3.76474,-9.29091
Hexadecan-1-ol,CCCCCCCCCCCCCCCCO,[N1111]Cl,C[N+](C)(C)C.[Cl-],-10.83520,3.62552,-4.37064,-11.85723,-442807.13292,-423408.75191,-10.85427,-17.46257,10.25939,4.28270,-2.84587,-13.79811,-18.26780,-7.94716,-0.04209,1.10674
Hexadecan-1-ol,CCCCCCCCCCCCCCCCO,[N4444]Cl,CCCC[N+](CCCC)(CCCC)CCCC.[Cl-],-11.35462,-4.81506,-4.75138,-16.38768,-442807.65233,-719522.78515,-16.48630,-29.56377,5.15678,3.85417,-3.13529,-15.92248,-18.50779,-17.49546,-0.91876,-7.48257
Hexadecan-1-ol,CCCCCCCCCCCCCCCCO,ChCl,C[N+](C)(C)CCO.[Cl-],-8.56880,4.86842,-2.70936,-10.90996,-442804.86651,-495306.14081,-10.81080,-12.80965,9.87603,5.20101,-2.39529,-9.26896,-18.29154,-8.74170,3.78317,5.16634
Hexanoic acid,CCCCCC(=O)O,Lidocaine,CCN(CC)CC(=O)Nc1c(C)cccc1C,-6.78847,-8.46491,-2.11058,-8.76959,-242530.46800,-459174.81883,-12.59696,-20.78158,2.56106,3.26848,-7.18006,-10.82176,-7.97796,-13.22830,-4.97772,-6.77150
Hydroquinone ,Oc1ccc(O)cc1,ChCl,C[N+](C)(C)CCO.[Cl-],-7.28673,-8.80024,-5.48678,-20.92916,-240245.01452,-495319.80947,-10.88570,-26.00691,2.79340,2.21093,-6.91517,-19.83790,-6.76393,-8.37994,-8.40585,-17.90372
Ibuprofen,CC(C)Cc1ccc(C(C)C(=O)O)cc1,ChCl,C[N+](C)(C)CCO.[Cl-],-6.73780,-2.04220,-4.00062,-15.97549,-412236.09900,-495313.05144,-9.26060,-23.39267,6.88297,3.39845,-3.62263,-18.25102,-12.52094,-8.54011,-1.81582,-6.49747
Imidazole,c1c[nH]cn1,[N4444]Br,CCCC[N+](CCCC)(CCCC)CCCC.[Br-],-2.04018,-3.19819,-1.89294,-14.41052,-142016.19430,-2046188.01476,-4.59674,-16.11513,2.49445,6.29209,-2.19869,-6.09241,-4.89250,-16.31481,-0.84327,-2.79078
Imidazole,c1c[nH]cn1,ChCl,C[N+](C)(C)CCO.[Cl-],-2.30120,0.23031,-2.08427,-14.30972,-142016.45532,-495310.77893,-4.46381,-10.66483,2.65186,3.59557,-2.24420,-5.86415,-4.87147,-8.39625,-1.28383,-2.66191
Itaconic acid,C=C(CC(=O)O)C(=O)O,ChCl,C[N+](C)(C)CCO.[Cl-],-6.57293,-6.95945,-5.73302,-19.57986,-310791.41979,-495317.96869,-11.21881,-26.01495,3.60565,2.47630,-7.78922,-20.56652,-7.03524,-7.92473,-7.72449,-14.79683
Ketoprofen,CC(C(=O)O)c1cccc(C(=O)c2ccccc2)c1,ChCl,C[N+](C)(C)CCO.[Cl-],-6.39326,-1.54226,-7.33510,-15.60902,-529705.87471,-495312.55149,-9.79570,-21.88320,7.57107,3.34160,-3.93529,-16.82891,-13.43148,-8.39589,-2.69192,-5.65366
Lactic Acid,CC(O)C(=O)O,Alanine,CC([NH3+])C(=O)[O-],-3.54033,-4.80380,-1.45575,-15.79379,-215719.46961,-203256.25239,-11.02260,-24.21000,2.39971,1.90600,-8.20197,-21.01246,-5.22034,-5.10353,-1.91401,-5.28216
Lactic Acid,CC(O)C(=O)O,Benzyltripropylammonium chloride,CCC[N+](CCC)(CCC)Cc1ccccc1.[Cl-],-6.62383,-12.18762,-3.71597,-22.53312,-215722.55311,-716501.30898,-11.55403,-35.39251,2.46524,4.34160,-8.40794,-25.15019,-5.61133,-14.58393,-7.11837,-19.79518
Lactic Acid,CC(O)C(=O)O,Betaine,C[N+](C)(C)CC(=O)[O-],-7.74481,-7.30260,-4.53765,-17.84061,-215723.67409,-252588.14588,-11.62130,-27.59790,3.27253,2.35912,-9.66655,-23.51353,-5.22729,-6.44349,-9.01036,-18.28231
Lactic Acid,CC(O)C(=O)O,ChCl,C[N+](C)(C)CCO.[Cl-],-5.29461,-4.67203,-2.74164,-17.90316,-215721.22389,-495315.68127,-8.81986,-23.82740,2.90846,2.73239,-6.21416,-18.59173,-5.51417,-7.96805,-4.87490,-10.93611
Lauric Acid,CCCCCCCCCCCC(=O)O,[N1111]Cl,C[N+](C)(C)C.[Cl-],-9.30233,-2.86296,-4.11972,-16.61332,-390590.02777,-423415.24039,-10.14773,-27.01778,8.21967,3.09078,-4.13395,-22.33910,-14.23344,-7.76947,-3.29843,-9.84456
Lauric Acid,CCCCCCCCCCCC(=O)O,[N2222]Cl,CC[N+](CC)(CC)CC.[Cl-],-9.39814,-5.72096,-4.18995,-17.41636,-390590.12358,-522117.30080,-12.42549,-30.41404,5.95052,3.02318,-4.02813,-22.84630,-14.34789,-10.59093,-3.46014,-14.90400
Lauric Acid,CCCCCCCCCCCC(=O)O,[N3333]Cl,CCC[N+](CCC)(CCC)CCC.[Cl-],-9.48615,-8.68323,-4.25446,-18.95047,-390590.21159,-620821.35790,-13.55759,-34.33894,5.00831,3.08811,-4.18879,-23.54315,-14.37711,-13.88390,-3.60869,-16.89145
Lauric Acid,CCCCCCCCCCCC(=O)O,ChCl,C[N+](C)(C)CCO.[Cl-],-7.27600,-0.16990,-2.63441,-14.60308,-390588.00145,-495311.17914,-9.84069,-22.02915,7.87263,3.80924,-3.50283,-17.31097,-14.21049,-8.52742,0.12162,-3.33738
Lauric Acid,CCCCCCCCCCCC(=O)O,Ibuprofen,CC(C)Cc1ccc(C(C)C(=O)O)cc1,-7.21386,-5.54643,-2.58886,-3.12734,-390587.93930,-412234.90763,-14.47262,-12.71329,2.77921,2.59370,-3.55725,-3.27864,-13.69458,-12.02835,0.22651,0.19499
Lauric Acid,CCCCCCCCCCCC(=O)O,Lidocaine,CCN(CC)CC(=O)Nc1c(C)cccc1C,-9.99330,-8.12443,-4.62621,-8.52001,-390590.71874,-459174.47835,-17.47245,-21.23547,3.58245,2.85688,-7.15992,-10.62927,-13.89499,-13.46308,-4.46466,-6.19684
Lauric Acid,CCCCCCCCCCCC(=O)O,Myristic Acid,CCCCCCCCCCCCCC(=O)O,-7.34411,-8.51122,-2.68434,-3.61321,-390588.06956,-439941.56445,-15.01031,-16.59643,2.29260,2.58121,-3.44470,-3.40625,-13.85821,-15.77139,0.00666,0.00749
Lauric Acid,CCCCCCCCCCCC(=O)O,Palmitic Acid,CCCCCCCCCCCCCCCC(=O)O,-7.33314,-9.70032,-2.67630,-4.54444,-390588.05859,-489295.08719,-15.07501,-18.37567,2.22706,2.77687,-3.40091,-3.39595,-13.90116,-17.75659,0.02518,0.03074
Lauric Acid,CCCCCCCCCCCC(=O)O,Stearic Acid,CCCCCCCCCCCCCCCCCC(=O)O,-7.31841,-10.89635,-2.66550,-5.46427,-390588.04385,-538648.62556,-15.10013,-20.22948,2.17980,2.95772,-3.34195,-3.46759,-13.93797,-19.71961,0.05004,0.06548
Lauric Acid,CCCCCCCCCCCC(=O)O,Thymol,Cc1ccc(C(C)C)c(O)c1,-7.84805,-4.95951,-3.05373,-1.15766,-390588.57350,-291724.09039,-14.73045,-9.42708,2.91079,1.96860,-3.80745,-1.82829,-13.83379,-9.56740,-0.84389,-0.63422
Levulinic acid,CC(=O)CCC(=O)O,ChCl,C[N+](C)(C)CCO.[Cl-],-2.90434,-1.78252,-3.44587,-15.78513,-264320.16581,-495312.79175,-6.42597,-20.03214,4.53591,3.55005,-4.06709,-15.53410,-6.89479,-8.04808,-2.43699,-6.05916
Lidocaine,CCN(CC)CC(=O)Nc1c(C)cccc1C,DL-camphor,CC12CCC(CC1=O)C2(C)C,-3.67609,-3.62575,-5.25936,-0.39294,-459170.03001,-292471.84670,-8.81019,-6.31296,5.21521,2.76715,-0.55481,-0.14451,-13.47059,-8.93561,1.31110,0.38159
Lidocaine,CCN(CC)CC(=O)Nc1c(C)cccc1C,Ibuprofen,CC(C)Cc1ccc(C(C)C(=O)O)cc1,-8.83917,-8.92163,-9.04392,-5.60138,-459175.19309,-412238.28283,-21.36194,-16.16167,3.10125,3.56675,-10.96212,-7.50634,-13.50107,-12.22208,-7.40318,-5.50170
Lidocaine,CCN(CC)CC(=O)Nc1c(C)cccc1C,Stearic Acid,CCCCCCCCCCCCCCCCCC(=O)O,-7.93245,-13.18999,-8.37929,-7.14553,-459174.28637,-538650.91921,-21.40377,-22.32713,2.69310,4.60075,-10.53225,-7.11494,-13.56462,-19.81294,-5.87282,-3.80576
Lidocaine,CCN(CC)CC(=O)Nc1c(C)cccc1C,Tetracaine,CCCCNc1ccc(C(=O)OCCN(C)C)cc1,-4.46974,-6.62751,-5.84111,-6.10162,-459170.82366,-531068.93552,-11.94994,-12.77181,4.03477,4.78640,-2.41145,-1.27941,-13.57325,-16.27879,-0.02843,-0.02863
Limonene,C=C(C)[C@@H]1CC=C(C)CC1,Capric Acid,CCCCCCCCCC(=O)O,-5.93584,-4.70282,0.78514,-0.70398,-245229.76568,-341233.11149,-7.99819,-9.48929,1.54633,2.71391,-0.00327,-0.02498,-9.54125,-12.17823,0.71244,2.50030
Limonene,C=C(C)[C@@H]1CC=C(C)CC1,Myristic Acid,CCCCCCCCCCCCCC(=O)O,-6.06930,-7.23733,0.68732,-2.67945,-245229.89913,-439940.29056,-8.22744,-13.16783,1.38444,3.00686,-0.00288,-0.02458,-9.60900,-16.15012,0.48719,2.15757
Linoleic acid,CCCCC/C=C\C/C=C\CCCCCCCC(=O)O,Lidocaine,CCN(CC)CC(=O)Nc1c(C)cccc1C,-11.35660,-8.30785,-6.46853,-8.65446,-537101.54653,-459174.66178,-19.99823,-21.22562,4.50637,2.91466,-7.11404,-10.59639,-17.39056,-13.54389,-4.53915,-6.50642
Malic Acid,O=C(O)CC(O)C(=O)O,Alanine,CC([NH3+])C(=O)[O-],-6.62337,-6.37322,-8.12724,-16.94419,-334106.50444,-203257.82181,-19.03347,-24.56600,2.84383,1.79570,-15.61113,-21.42330,-6.26617,-4.93840,-6.60798,-7.93105
Malic Acid,O=C(O)CC(O)C(=O)O,Betaine,C[N+](C)(C)CC(=O)[O-],-12.71279,-9.12156,-12.59082,-19.17392,-334112.59386,-252589.96484,-20.64320,-28.15996,3.85580,2.04348,-18.29133,-24.01134,-6.20767,-6.19210,-16.88575,-21.35236
Malic Acid,O=C(O)CC(O)C(=O)O,ChCl,C[N+](C)(C)CCO.[Cl-],-8.13563,-6.58937,-9.23573,-19.30858,-334108.01670,-495317.59860,-15.19639,-24.75574,3.22729,2.33130,-11.71686,-19.41266,-6.70682,-7.67438,-9.16038,-14.17221
Malonic Acid,O=C(O)CC(=O)O,ChCl,C[N+](C)(C)CCO.[Cl-],-6.87721,-10.38865,-5.37820,-22.09347,-262208.34794,-495321.39788,-11.61022,-27.99764,2.54182,2.04277,-8.62453,-22.42244,-5.52751,-7.61797,-10.01421,-20.58465
Mannose,OC[C@H]1O[C@H](O)[C@@H](O)[C@@H](O)[C@@H]1O,ChCl,C[N+](C)(C)CCO.[Cl-],-8.47579,-2.32110,-11.15644,-16.17992,-431401.36890,-495313.33033,-16.68435,-19.21642,4.17836,2.74408,-12.33187,-13.99152,-8.53084,-7.96898,-5.70238,-6.96819
Menthol,CC(C)[C@@H]1CC[C@@H](C)C[C@H]1O,Betaine,C[N+](C)(C)CC(=O)[O-],-6.87992,1.97868,-1.55536,-11.03738,-293993.00656,-252578.86460,-7.38085,-17.24117,5.58118,3.84635,-2.80509,-14.03220,-10.15694,-7.05532,-1.13199,-2.61730
Menthol,CC(C)[C@@H]1CC[C@@H](C)C[C@H]1O,ChCl,C[N+](C)(C)CCO.[Cl-],-5.48758,3.58978,-0.53477,-11.84721,-293991.61422,-495307.41945,-6.64045,-13.53076,5.58385,4.69153,-1.88211,-9.54162,-10.34219,-8.68068,1.21800,3.00824
Menthol,CC(C)[C@@H]1CC[C@@H](C)C[C@H]1O,Hexadecan-1-ol,CCCCCCCCCCCCCCCCO,-6.20822,-10.79754,-1.06300,-4.34304,-293992.33486,-442807.09526,-11.35103,-19.46965,1.36815,2.24588,-2.43361,-3.55975,-10.28557,-18.15577,0.00170,0.02148
Menthol,CC(C)[C@@H]1CC[C@@H](C)C[C@H]1O,Hydroquinone ,Oc1ccc(O)cc1,-5.50632,-2.82270,-0.54851,-2.21462,-293991.63296,-240240.55049,-10.41073,-11.21156,2.97995,2.10121,-3.78146,-6.93923,-9.60922,-6.37355,1.18637,-0.87144
Menthol,CC(C)[C@@H]1CC[C@@H](C)C[C@H]1O,Ibuprofen,CC(C)Cc1ccc(C(C)C(=O)O)cc1,-6.37539,-5.91979,-1.18554,-3.40101,-293992.50203,-412235.28099,-11.32639,-13.73893,1.87671,2.51803,-3.21376,-4.04522,-9.98935,-12.21174,-0.28045,-0.43518
Menthol,CC(C)[C@@H]1CC[C@@H](C)C[C@H]1O,Lauric Acid,CCCCCCCCCCCC(=O)O,-6.44550,-7.68922,-1.23693,-2.93731,-293992.57214,-390588.41467,-11.61565,-15.74846,1.55238,2.29231,-3.08737,-4.02057,-10.08066,-14.02020,-0.39878,-0.57582
Menthol,CC(C)[C@@H]1CC[C@@H](C)C[C@H]1O,Myristic Acid,CCCCCCCCCCCCCC(=O)O,-6.47849,-8.89980,-1.26111,-3.89804,-293992.60513,-439941.95303,-11.70574,-17.55260,1.48849,2.46605,-3.07607,-4.00417,-10.11816,-16.01447,-0.45446,-0.64835
Menthol,CC(C)[C@@H]1CC[C@@H](C)C[C@H]1O,Octadecan-1-ol,CCCCCCCCCCCCCCCCCCO,-6.20412,-12.00016,-1.06000,-5.28745,-293992.33076,-492160.63795,-11.34774,-21.29822,1.34433,2.41696,-2.39614,-3.56120,-10.29593,-20.15398,0.00862,0.04408
Menthol,CC(C)[C@@H]1CC[C@@H](C)C[C@H]1O,Palmitic Acid,CCCCCCCCCCCCCCCC(=O)O,-6.48805,-10.11362,-1.26812,-4.84739,-293992.61469,-489295.50049,-11.75666,-19.39081,1.43849,2.63798,-3.04715,-4.00195,-10.14800,-18.02684,-0.47059,-0.66683
Menthol,CC(C)[C@@H]1CC[C@@H](C)C[C@H]1O,Phenylpropionic Acid,O=C(O)CCc1ccccc1,-6.05871,-3.59857,-0.95341,-1.58311,-293992.18535,-313527.65297,-10.75618,-10.28513,2.39096,2.33943,-3.34503,-3.86520,-9.80210,-8.75935,0.25404,-0.07201
Menthol,CC(C)[C@@H]1CC[C@@H](C)C[C@H]1O,Salicylic Acid,O=C(O)c1ccccc1O,-6.75690,-3.98315,-1.46519,-1.00658,-293992.88354,-311407.99686,-11.45235,-9.72167,2.09286,1.64326,-4.13397,-4.23661,-9.41125,-7.12833,-0.92437,-1.42539
Menthol,CC(C)[C@@H]1CC[C@@H](C)C[C@H]1O,Stearic Acid,CCCCCCCCCCCCCCCCCC(=O)O,-6.46492,-11.29584,-1.25116,-5.75710,-293992.59156,-538649.02506,-11.74202,-21.20112,1.39981,2.80125,-2.96830,-3.98615,-10.17353,-20.01622,-0.43156,-0.60879
Menthol,CC(C)[C@@H]1CC[C@@H](C)C[C@H]1O,Testosterone,C[C@]12CC[C@H]3[C@@H](CCC4=CC(=O)CC[C@@]43C)[C@@H]1CC[C@@H]2O,-6.34741,-5.60028,-1.16503,-7.42063,-293992.47405,-559510.24767,-9.79400,-16.16426,2.34929,3.13790,-2.04086,-4.96492,-10.10243,-14.33724,-0.23323,-0.64941
Menthol,CC(C)[C@@H]1CC[C@@H](C)C[C@H]1O,Thymol,Cc1ccc(C(C)C)c(O)c1,-7.07286,-5.41821,-1.69679,-1.49388,-293993.19950,-291724.54909,-11.59320,-10.91127,1.97822,1.84290,-3.49600,-3.05911,-10.07543,-9.69505,-1.45765,-1.40840
Myristic Acid,CCCCCCCCCCCCCC(=O)O,[N1111]Cl,C[N+](C)(C)C.[Cl-],-10.38355,-2.87677,-4.98564,-16.62344,-439943.43678,-423415.25420,-11.09586,-27.20275,9.27756,3.10171,-4.15183,-22.50208,-16.22159,-7.80238,-3.15264,-9.86788
Myristic Acid,CCCCCCCCCCCCCC(=O)O,[N2222]Cl,CC[N+](CC)(CC)CC.[Cl-],-10.47372,-5.81377,-5.05174,-17.48439,-439943.52695,-522117.39361,-13.76790,-30.71334,6.63883,2.96423,-4.04865,-23.04600,-16.35808,-10.63157,-3.30483,-15.06065
Myristic Acid,CCCCCCCCCCCCCC(=O)O,[N3333]Cl,CCC[N+](CCC)(CCC)CCC.[Cl-],-10.57479,-8.81330,-5.12582,-19.04581,-439943.62803,-620821.48797,-15.06267,-34.68789,5.54316,2.98719,-4.21096,-23.73972,-16.39488,-13.93536,-3.47542,-17.11098
Myristic Acid,CCCCCCCCCCCCCC(=O)O,[N4444]Cl,CCCC[N+](CCCC)(CCCC)CCCC.[Cl-],-10.89166,-11.88645,-5.35809,-21.57105,-439943.94490,-719529.85654,-16.37576,-39.93601,4.96428,3.08492,-4.94212,-25.81899,-16.39792,-17.20194,-4.01024,-19.41772
Myristic Acid,CCCCCCCCCCCCCC(=O)O,ChCl,C[N+](C)(C)CCO.[Cl-],-8.12629,-0.13046,-3.33106,-14.57417,-439941.17952,-495311.13970,-10.82126,-22.26579,8.90352,3.82595,-3.51834,-17.52532,-16.20645,-8.56642,0.65718,-3.27082
Myristic Acid,CCCCCCCCCCCCCC(=O)O,Palmitic Acid,CCCCCCCCCCCCCCCC(=O)O,-8.51205,-9.71458,-3.61382,-4.55490,-439941.56528,-489295.10145,-16.79143,-18.51083,2.40065,2.65875,-3.31092,-3.34461,-15.88116,-17.82497,0.00609,0.00666
"N-Benzyl-2-hydroxy-N,N-dimethylethanaminium chloride",C[N+](C)(CCO)Cc1ccccc1.[Cl-],Urea,NC(N)=O,-1.21048,-1.77168,-15.41710,-3.44555,-640338.60327,-141433.68014,-13.27079,-6.30371,4.71067,1.94547,-6.62497,-4.00940,-11.35649,-4.23978,-2.83708,-0.72315
o-Cresol,Cc1ccccc1O,ChCl,C[N+](C)(C)CCO.[Cl-],-5.70621,-9.01669,-1.65889,-21.08782,-217695.86557,-495320.02593,-7.27080,-26.84276,3.47786,2.62466,-3.42337,-20.84622,-7.32528,-8.62120,-4.52487,-18.26906
Octadecan-1-ol,CCCCCCCCCCCCCCCCCCO,[N1111]Cl,C[N+](C)(C)C.[Cl-],-11.87893,3.81521,-5.19859,-11.71818,-492160.51673,-423408.56222,-11.77570,-17.35515,11.32979,4.32640,-2.84617,-13.72137,-20.25932,-7.96019,0.24868,1.42690
Octadecan-1-ol,CCCCCCCCCCCCCCCCCCO,[N4444]Cl,CCCC[N+](CCCC)(CCCC)CCCC.[Cl-],-12.42731,-4.67692,-5.60055,-16.28642,-492161.06510,-719522.64701,-18.04660,-29.55153,5.62028,3.82712,-3.13566,-15.86463,-20.53122,-17.51402,-0.67687,-7.24942
Octadecan-1-ol,CCCCCCCCCCCCCCCCCCO,Betaine,C[N+](C)(C)CC(=O)[O-],-11.94621,3.08130,-5.24791,-10.22916,-492160.58401,-252577.76198,-12.87863,-17.44186,10.70358,4.10848,-3.57335,-14.42932,-20.00886,-7.12102,0.13513,-0.75629
Octadecan-1-ol,CCCCCCCCCCCCCCCCCCO,ChCl,C[N+](C)(C)CCO.[Cl-],-9.38572,5.05255,-3.37106,-10.77499,-492158.02352,-495305.95668,-11.76696,-12.63688,10.91925,5.26713,-2.39528,-9.14739,-20.29093,-8.75662,4.45674,5.47712
Oleic acid,CCCCCCCC/C=C\CCCCCCCC(=O)O,Capric Acid,CCCCCCCCCC(=O)O,-9.80419,-6.15479,-5.29264,-1.76828,-537876.36044,-341234.56346,-18.96343,-13.02257,3.38664,2.19881,-3.35854,-3.27149,-18.99152,-11.94989,0.06422,0.04966
Oleic acid,CCCCCCCC/C=C\CCCCCCCC(=O)O,Lidocaine,CCN(CC)CC(=O)Nc1c(C)cccc1C,-12.42491,-8.27612,-7.21364,-8.63120,-537878.98115,-459174.63004,-21.60613,-21.39198,4.76765,2.83231,-7.14828,-10.65032,-19.22550,-13.57397,-4.35904,-6.45287
Oxalic Acid,O=C(O)C(=O)O,ChCl,C[N+](C)(C)CCO.[Cl-],-7.76179,-14.79034,-6.10079,-25.31994,-237524.00979,-495325.79957,-12.53819,-31.01091,1.97880,2.01776,-9.89334,-25.54446,-4.62366,-7.48420,-12.73804,-28.01386
Palmitic Acid,CCCCCCCCCCCCCCCC(=O)O,[N1111]Cl,C[N+](C)(C)C.[Cl-],-11.43949,-2.70471,-5.81926,-16.49733,-489296.82636,-423415.08214,-12.02369,-27.23352,10.35446,3.13140,-4.15075,-22.53522,-18.22740,-7.82971,-2.90465,-9.57748
Palmitic Acid,CCCCCCCCCCCCCCCC(=O)O,[N2222]Cl,CC[N+](CC)(CC)CC.[Cl-],-11.52563,-5.69942,-5.88241,-17.40057,-489296.91250,-522117.27926,-15.09203,-30.82534,7.34228,2.93569,-4.04796,-23.09636,-18.38634,-10.66466,-3.05004,-14.86764
Palmitic Acid,CCCCCCCCCCCCCCCC(=O)O,[N3333]Cl,CCC[N+](CCC)(CCC)CCC.[Cl-],-11.64114,-8.72732,-5.96708,-18.98279,-489297.02801,-620821.40200,-16.55035,-34.84683,6.09102,2.92255,-4.21052,-23.79246,-18.43084,-13.97691,-3.24500,-16.96587
Palmitic Acid,CCCCCCCCCCCCCCCC(=O)O,[N4444]Cl,CCCC[N+](CCCC)(CCCC)CCCC.[Cl-],-11.97720,-11.81471,-6.21341,-21.51846,-489297.36407,-719529.78480,-17.94949,-40.13670,5.42974,2.99309,-4.94347,-25.87750,-18.43575,-17.25229,-3.81221,-19.29664
Palmitic Acid,CCCCCCCCCCCCCCCC(=O)O,ChCl,C[N+](C)(C)CCO.[Cl-],-8.95411,0.06666,-3.99747,-14.42968,-489294.34098,-495310.94258,-11.78586,-22.26649,9.95222,3.87046,-3.51780,-17.53823,-18.22028,-8.59872,1.29019,-2.93812
Palmitic Acid,CCCCCCCCCCCCCCCC(=O)O,Ibuprofen,CC(C)Cc1ccc(C(C)C(=O)O)cc1,-9.41699,-5.45423,-4.33676,-3.05975,-489294.80386,-412234.81542,-17.69527,-12.79017,3.35074,2.49107,-3.45127,-3.17704,-17.59474,-12.10421,0.50894,0.35061
Palmitic Acid,CCCCCCCCCCCCCCCC(=O)O,Stearic Acid,CCCCCCCCCCCCCCCCCC(=O)O,-9.71731,-10.93371,-4.55690,-5.49166,-489295.10418,-538648.66293,-18.67764,-20.51400,2.49480,2.71607,-3.24669,-3.37519,-17.92575,-19.85488,0.00205,0.00242
Paracetamol,CC(=O)Nc1ccc(O)cc1,ChCl,C[N+](C)(C)CCO.[Cl-],-5.75158,-2.18072,-6.45964,-16.07702,-323606.49837,-495313.18995,-9.66455,-18.96628,4.53722,3.00592,-5.19081,-13.52892,-9.01096,-8.44328,-4.31162,-6.73125
p-Coumaric acid,O=C(O)/C=C/c1ccc(O)cc1,ChCl,C[N+](C)(C)CCO.[Cl-],-8.11272,-5.93638,-7.78822,-18.82994,-359996.22050,-495316.94561,-12.63532,-25.47857,4.40069,2.60267,-7.62918,-19.78359,-9.40683,-8.29765,-7.54193,-13.07008
Pelargonic Acid,CCCCCCCCC(=O)O,Lauric Acid,CCCCCCCCCCCC(=O)O,-5.49549,-7.32923,-1.25356,-2.67343,-316558.35347,-390588.05467,-12.01300,-14.71690,2.12634,2.57491,-3.29530,-3.58397,-10.84404,-13.70784,0.02481,0.03178
Phenol,Oc1ccccc1,ChCl,C[N+](C)(C)CCO.[Cl-],-5.24511,-8.18158,-1.58770,-20.47568,-193016.81231,-495319.19082,-6.93350,-26.35576,3.05261,2.55697,-3.55246,-20.34955,-6.43365,-8.56318,-4.51356,-16.85956
Phenyl salicylate,O=C(Oc1ccccc1)c1ccccc1O,Lidocaine,CCN(CC)CC(=O)Nc1c(C)cccc1C,-4.99961,-3.59837,-2.69914,-5.20239,-456426.91536,-459169.95230,-8.30714,-9.30999,3.38838,4.40263,-0.08106,-0.24786,-11.61445,-13.46477,0.47754,1.44227
Phenylacetic Acid,O=C(O)Cc1ccccc1,ChCl,C[N+](C)(C)CCO.[Cl-],-4.70554,-3.21926,-3.25676,-16.83827,-288852.47139,-495314.22850,-7.37473,-23.24692,4.70441,3.04827,-3.75648,-17.90865,-8.32265,-8.38654,-3.10181,-8.48411
Phenylpropionic Acid,O=C(O)CCc1ccccc1,ChCl,C[N+](C)(C)CCO.[Cl-],-5.41901,-4.02587,-2.91750,-17.42953,-313529.47341,-495315.03511,-7.73348,-24.23347,4.95538,2.93468,-3.60575,-18.72888,-9.08312,-8.43927,-3.14457,-9.84552
Pimelic Acid,O=C(O)CCCCCC(=O)O,[N2222]Br,CC[N+](CC)(CC)CC.[Br-],-6.76966,-5.79681,-5.99621,-17.08131,-360918.51805,-1848786.29852,-11.55563,-25.51742,4.97517,3.53484,-6.83995,-18.89337,-9.69086,-10.15890,-6.47798,-13.09761
Pimelic Acid,O=C(O)CCCCCC(=O)O,[N3333]Br,CCC[N+](CCC)(CCC)CCC.[Br-],-6.60757,-7.92033,-5.87740,-18.91332,-360918.35596,-1947486.70719,-12.14601,-29.46786,4.58703,4.30890,-7.03747,-20.45592,-9.69557,-13.32084,-6.20440,-14.10102
Prilocaine,CCCNC(C)C(=O)Nc1ccccc1C,Lidocaine,CCN(CC)CC(=O)Nc1c(C)cccc1C,-5.07875,-3.95070,-3.80888,-5.46065,-434505.57036,-459170.30462,-9.62044,-10.12143,4.05361,4.62713,-0.44760,-1.10171,-13.22646,-13.64684,0.40602,0.84761
Propionic acid,CCC(=O)O,[N4444]Br,CCCC[N+](CCCC)(CCCC)CCCC.[Br-],-4.08610,-9.35055,-0.07895,-18.92023,-168498.96509,-2046194.16712,-6.60183,-31.07376,2.30476,4.70799,-3.62174,-19.82244,-5.28485,-15.95931,-3.07063,-13.17477
Propionic acid,CCC(=O)O,Betaine monohydrate,C[N+](C)(C)CC(=O)[O-].O,-5.31099,-5.73928,-0.97680,-16.69469,-168500.18997,-252586.58256,-7.36374,-26.61696,3.24791,2.72127,-5.58581,-22.76008,-5.02583,-6.57816,-5.13799,-15.64373
Propylene glycol,CC(O)CO,Betaine monohydrate,C[N+](C)(C)CC(=O)[O-].O,-4.95704,0.41169,-3.24387,-12.18599,-169234.94927,-252580.43158,-8.78091,-17.52215,4.00970,3.90828,-7.46457,-14.71732,-5.32604,-6.71311,-3.17972,-5.26207
Ranitidine,CN/C(=C\[N+](=O)[O-])NCCSCc1ccc(CN(C)C)o1,Acetylsalicylic Acid,CC(=O)Oc1ccccc1C(=O)O,-6.42524,-4.81180,-14.38979,-3.96021,-848268.11254,-407227.07932,-21.86516,-10.56774,5.31500,3.22864,-10.48293,-4.53736,-16.69723,-9.25902,-5.46749,-2.68927
Ranitidine,CN/C(=C\[N+](=O)[O-])NCCSCc1ccc(CN(C)C)o1,Urea,NC(N)=O,-0.80096,-0.28913,-10.26716,-2.35883,-848262.48826,-141432.19759,-13.49105,-5.71065,6.90377,1.94973,-4.60766,-3.78775,-15.78716,-3.87263,4.02521,1.77911
Resorcinol,Oc1cccc(O)c1,ChCl,C[N+](C)(C)CCO.[Cl-],-7.85174,-10.61290,-6.12429,-22.25785,-240247.36680,-495321.62214,-11.54360,-27.22600,2.60780,2.12476,-7.40422,-20.96379,-6.74718,-8.38697,-9.87961,-20.96316
Salicylic Acid,O=C(O)c1ccccc1O,Betaine,C[N+](C)(C)CC(=O)[O-],-8.14652,-11.59298,-4.05836,-20.98548,-311412.16023,-252592.43625,-9.93081,-31.15712,3.81103,2.15592,-6.50079,-26.64410,-7.24105,-6.66895,-8.45236,-25.52364
Salicylic Acid,O=C(O)c1ccccc1O,ChCl,C[N+](C)(C)CCO.[Cl-],-6.04119,-8.58918,-2.51514,-20.77445,-311410.05491,-495319.59841,-7.92751,-28.45070,3.63338,2.57279,-4.10208,-22.81667,-7.45881,-8.20682,-4.89898,-17.54750
Sorbitol,OC[C@H](O)[C@@H](O)[C@H](O)[C@H](O)CO,Betaine,C[N+](C)(C)CC(=O)[O-],-10.88229,-2.94246,-12.83287,-14.64460,-432158.68966,-252583.78574,-18.98698,-21.36272,5.80249,2.72363,-16.35750,-17.69735,-8.43197,-6.38899,-10.94085,-10.92323
Sorbitol,OC[C@H](O)[C@@H](O)[C@H](O)[C@H](O)CO,ChCl,C[N+](C)(C)CCO.[Cl-],-7.16231,-1.37172,-10.10611,-15.48402,-432154.96968,-495312.38096,-14.89426,-17.84542,4.90030,3.05104,-10.77469,-12.96682,-9.01987,-7.92963,-4.66225,-5.36582
Stearic Acid,CCCCCCCCCCCCCCCCCC(=O)O,[N1111]Cl,C[N+](C)(C)C.[Cl-],-12.43404,-2.17400,-6.59141,-16.10831,-538650.16326,-423414.55144,-12.89874,-26.86749,11.42689,3.19698,-4.11590,-22.21102,-20.20973,-7.85345,-2.52985,-8.68174
Stearic Acid,CCCCCCCCCCCCCCCCCC(=O)O,[N2222]Cl,CC[N+](CC)(CC)CC.[Cl-],-12.51790,-5.19762,-6.65288,-17.03275,-538650.24712,-522116.77746,-16.35594,-30.49012,8.04670,2.95644,-4.01161,-22.75288,-20.39103,-10.69368,-2.67140,-14.02071
Stearic Acid,CCCCCCCCCCCCCCCCCC(=O)O,[N3333]Cl,CCC[N+](CCC)(CCC)CCC.[Cl-],-12.64835,-8.24152,-6.74850,-18.62670,-538650.37757,-620820.91620,-17.97307,-34.55971,6.64111,2.91093,-4.17093,-23.45735,-20.44324,-14.01329,-2.89158,-16.14593
Stearic Acid,CCCCCCCCCCCCCCCCCC(=O)O,[N4444]Cl,CCCC[N+](CCCC)(CCCC)CCCC.[Cl-],-12.99813,-11.31541,-7.00489,-21.15247,-538650.72735,-719529.28550,-19.43835,-39.89001,5.89707,2.95656,-4.88536,-25.55027,-20.45006,-17.29629,-3.48193,-18.45391
Stearic Acid,CCCCCCCCCCCCCCCCCC(=O)O,Betaine,C[N+](C)(C)CC(=O)[O-],-12.76818,-2.81621,-6.83634,-14.55206,-538650.49740,-252583.65949,-14.48325,-26.08897,10.81113,3.17840,-5.39148,-22.25889,-19.90290,-7.00848,-3.09382,-10.71015
Stearic Acid,CCCCCCCCCCCCCCCCCC(=O)O,ChCl,C[N+](C)(C)CCO.[Cl-],-9.73097,0.55317,-4.61004,-14.07306,-538647.46018,-495310.45606,-12.69986,-21.75379,10.99649,3.96743,-3.48567,-17.09453,-20.21068,-8.62670,2.03241,-2.11698
Suberic Acid,O=C(O)CCCCCCC(=O)O,ChCl,C[N+](C)(C)CCO.[Cl-],-6.41106,-3.03918,-5.63527,-16.70627,-385593.72218,-495314.04841,-11.35561,-22.86606,6.24142,3.21847,-7.08734,-17.97043,-10.50969,-8.11409,-4.98128,-8.18016
Succinic Acid,O=C(O)CCC(=O)O,[N2222]Br,CC[N+](CC)(CC)CC.[Br-],-6.56807,-8.80720,-4.85703,-19.28794,-286888.41697,-1848789.30891,-10.74430,-27.45713,3.27847,3.03985,-7.32240,-20.70947,-6.70038,-9.78750,-8.15769,-18.17857
Succinic Acid,O=C(O)CCC(=O)O,ChCl,C[N+](C)(C)CCO.[Cl-],-6.08271,-6.68512,-4.50125,-19.37877,-286887.93160,-495317.69436,-10.56986,-25.39848,3.47911,2.43313,-7.51026,-20.02427,-6.53871,-7.80735,-7.33849,-14.33382
Sucrose,OC[C@H]1O[C@H](O[C@]2(CO)O[C@H](CO)[C@@H](O)[C@@H]2O)[C@H](O)[C@@H](O)[C@@H]1O,ChCl,C[N+](C)(C)CCO.[Cl-],-11.24802,-1.54813,-23.29533,-15.61333,-814802.13609,-495312.55737,-25.88751,-17.88924,7.14535,3.06911,-19.55436,-12.96842,-13.47850,-7.98993,-6.50937,-5.66357
Tartaric Acid,O=C(O)[C@@H](O)[C@H](O)C(=O)O,ChCl,C[N+](C)(C)CCO.[Cl-],-10.04107,-9.17002,-10.96016,-21.20021,-381328.57610,-495320.17926,-17.71275,-26.84057,2.91376,2.01207,-13.71952,-21.29893,-6.90699,-7.55372,-13.33160,-18.52785
Tetradecan-1-ol,CCCCCCCCCCCCCCO,[N1111]Cl,C[N+](C)(C)C.[Cl-],-9.78481,3.42481,-3.53721,-12.00436,-393453.74204,-423408.95263,-9.92902,-17.54739,9.18512,4.24022,-2.84750,-13.85618,-16.26665,-7.93143,-0.32181,0.76797
Tetradecan-1-ol,CCCCCCCCCCCCCCO,[N4444]Cl,CCCC[N+](CCCC)(CCCC)CCCC.[Cl-],-10.27484,-4.94767,-3.89641,-16.48489,-393454.23207,-719522.91776,-14.91930,-29.53173,4.69246,3.89754,-3.13667,-15.95644,-16.47509,-17.47284,-1.14889,-7.70640
Tetradecan-1-ol,CCCCCCCCCCCCCCO,ChCl,C[N+](C)(C)CCO.[Cl-],-7.74642,4.66676,-2.04307,-11.05778,-393451.70365,-495306.34248,-9.85064,-12.96581,8.82896,5.13370,-2.39687,-9.37577,-16.28273,-8.72374,3.11859,4.82597
Tetradecan-1-ol,CCCCCCCCCCCCCCO,Menthol,CC(C)[C@@H]1CC[C@@H](C)C[C@H]1O,-9.59085,-6.21140,-3.39504,-1.06533,-393453.54808,-293992.33804,-17.64286,-11.34982,2.07346,1.39891,-3.56778,-2.47569,-16.14854,-10.27304,0.00555,-0.00366
Tetradecan-1-ol,CCCCCCCCCCCCCCO,Thymol,Cc1ccc(C(C)C)c(O)c1,-10.62771,-5.49506,-4.15506,-1.55022,-393454.58494,-291724.62594,-17.64216,-11.07435,2.93378,1.76695,-4.69532,-3.11371,-15.88061,-9.72760,-1.74446,-1.53811
Thiourea,NC(N)=S,ChCl,C[N+](C)(C)CCO.[Cl-],-5.02192,-4.46498,-7.13761,-17.75140,-344104.69151,-495315.47422,-8.69378,-15.13678,1.71803,2.23267,-4.68963,-7.89360,-5.72218,-9.47585,-6.17513,-10.58665
Thymol,Cc1ccc(C(C)C)c(O)c1,Betaine,C[N+](C)(C)CC(=O)[O-],-8.55563,-9.59616,-3.79363,-19.52180,-291727.68651,-252590.43944,-9.75287,-27.69538,5.04579,2.50659,-5.05357,-23.13707,-9.74508,-7.06490,-6.70377,-22.15340
Thymol,Cc1ccc(C(C)C)c(O)c1,ChCl,C[N+](C)(C)CCO.[Cl-],-6.61142,-7.20926,-2.36851,-19.76296,-291725.74230,-495318.21849,-8.25602,-25.75026,4.93356,2.89010,-3.21177,-19.95844,-9.97781,-8.68192,-3.42231,-15.21845
Thymol,Cc1ccc(C(C)C)c(O)c1,DL-camphor,CC12CCC(CC1=O)C2(C)C,-6.30203,-6.10113,-2.14173,-2.20740,-291725.43291,-292474.32208,-9.63320,-10.90847,2.33022,1.76310,-2.38617,-3.81979,-9.57726,-8.85179,-2.90012,-3.79638
Thymol,Cc1ccc(C(C)C)c(O)c1,Hexadecan-1-ol,CCCCCCCCCCCCCCCCO,-5.46572,-11.76756,-1.52871,-5.05407,-291724.59660,-442808.06528,-11.07986,-19.28311,1.74296,3.24670,-3.08627,-4.68420,-9.73655,-17.84560,-1.48860,-1.61573
Thymol,Cc1ccc(C(C)C)c(O)c1,Ibuprofen,CC(C)Cc1ccc(C(C)C(=O)O)cc1,-4.92707,-6.13531,-1.13388,-3.55899,-291724.05795,-412235.49650,-9.07345,-12.62415,2.20476,2.95319,-1.69055,-3.39523,-9.58766,-12.18211,-0.57946,-0.79892
Thymol,Cc1ccc(C(C)C)c(O)c1,Myristic Acid,CCCCCCCCCCCCCC(=O)O,-4.90846,-8.94071,-1.12023,-3.92803,-291724.03934,-439941.99395,-9.41314,-16.27648,1.93189,3.22687,-1.74816,-3.71762,-9.59687,-15.78573,-0.54804,-0.71741
Thymol,Cc1ccc(C(C)C)c(O)c1,Octadecan-1-ol,CCCCCCCCCCCCCCCCCCO,-5.44329,-12.90756,-1.51227,-5.95258,-291724.57417,-492161.54536,-11.09082,-20.92641,1.72374,3.55738,-3.07084,-4.68268,-9.74372,-19.80111,-1.45074,-1.48745
Thymol,Cc1ccc(C(C)C)c(O)c1,Palmitic Acid,CCCCCCCCCCCCCCCC(=O)O,-4.87842,-10.08139,-1.09822,-4.82377,-291724.00930,-489295.46826,-9.43399,-17.91374,1.89991,3.54036,-1.71344,-3.69895,-9.62046,-17.75515,-0.49735,-0.61244
Thymol,Cc1ccc(C(C)C)c(O)c1,Stearic Acid,CCCCCCCCCCCCCCCCCC(=O)O,-4.88057,-11.27682,-1.09979,-5.74316,-291724.01145,-538649.00603,-9.51006,-19.65058,1.86790,3.83650,-1.73720,-3.78513,-9.64076,-19.70196,-0.50097,-0.57668
trans-Cinnamic acid,O=C(O)/C=C/c1ccccc1,ChCl,C[N+](C)(C)CCO.[Cl-],-5.39410,-2.57127,-3.20692,-16.36330,-312764.36212,-495313.58051,-7.86052,-22.69889,4.85197,3.09721,-3.60776,-17.39348,-9.10473,-8.40262,-2.86554,-7.39043
Tricarballylic acid,O=C(O)CC(CC(=O)O)C(=O)O,ChCl,C[N+](C)(C)CCO.[Cl-],-9.07369,-8.27349,-9.78528,-20.54305,-429950.96707,-495319.28273,-15.99327,-26.58514,4.15457,2.25359,-11.75458,-21.13041,-8.39326,-7.70832,-12.25890,-17.01468
Triethylene glycol,OCCOCCOCCO,[N3333]Br,CCC[N+](CCC)(CCC)CCC.[Br-],-4.96559,-2.33251,-4.74606,-14.81741,-337685.54269,-1947481.11937,-10.24930,-19.34808,4.99972,5.56396,-5.31733,-11.16499,-9.93169,-13.74705,-2.16098,-4.66985
Triethylene glycol,OCCOCCOCCO,[N4444]Cl,CCCC[N+](CCCC)(CCCC)CCCC.[Cl-],-6.22739,-5.75536,-5.67097,-17.07692,-337686.80449,-719523.72545,-12.13813,-27.79297,5.04289,5.81741,-7.29489,-16.89728,-9.88613,-16.71310,-4.29066,-9.06962
Triethylene glycol,OCCOCCOCCO,ChCl,C[N+](C)(C)CCO.[Cl-],-4.55580,0.96269,-4.44568,-13.77288,-337685.13290,-495310.04654,-9.29218,-14.69641,6.05799,4.02885,-5.60881,-10.46053,-9.74136,-8.26473,-1.46933,-1.42578
Triethylene glycol,OCCOCCOCCO,Methyltriphenylphosphonium bromide,C[P+](c1ccccc1)(c1ccccc1)c1ccccc1.[Br-],-4.06096,-3.38134,-4.08296,-20.87809,-337684.63806,-2291005.61025,-11.44203,-21.60938,4.13315,5.87542,-5.83509,-11.60921,-9.74010,-15.87559,-0.63414,-1.84194
Triethylene glycol,OCCOCCOCCO,"N,N-Diethylethanolammonium chloride",CC[NH+](CC)CCO.[Cl-],-3.63049,0.03249,-3.76742,-6.93738,-337684.20758,-519998.50064,-9.37820,-9.30077,4.78677,4.10523,-4.49885,-4.49452,-9.66613,-8.91148,0.09242,-0.04113
Urea,NC(N)=O,[N2222]Br,CC[N+](CC)(CC)CC.[Br-],-2.25606,-0.79528,-3.80060,-13.41516,-141434.16452,-1848781.29699,-5.79657,-11.90677,2.30684,4.32674,-3.92584,-6.37386,-4.17758,-9.85965,-1.54070,-4.65600
Urea,NC(N)=O,"2-(Acetoxy)-N,N,N-trimethylethanaminium chloride",CC(=O)OCC[N+](C)(C)C.[Cl-],-2.49887,-0.95913,-3.97858,-17.13362,-141434.40733,-591139.51743,-6.99952,-14.85347,2.06670,4.51475,-4.81602,-8.82217,-4.25020,-10.54605,-1.95050,-5.29894
Urea,NC(N)=O,"2-Chloro-N,N,N-trimethylethanaminium chloride",C[N+](C)(C)CCCl.[Cl-],-2.37603,-1.46724,-3.88854,-13.64839,-141434.28448,-736522.39057,-7.14574,-12.85810,2.07225,3.74004,-4.84598,-7.55953,-4.37200,-9.03862,-1.74317,-3.90668
Urea,NC(N)=O,Betaine,C[N+](C)(C)CC(=O)[O-],-3.58829,-0.27401,-4.77713,-12.68862,-141435.49675,-252581.11729,-7.17887,-11.13657,2.56741,3.24626,-5.88708,-7.85498,-3.85920,-6.52785,-3.78924,-6.41941
Urea,NC(N)=O,ChCl,C[N+](C)(C)CCO.[Cl-],-2.30660,-0.68224,-3.83765,-14.97862,-141434.21506,-495311.69147,-6.27260,-11.38794,2.06984,3.33911,-4.14246,-6.67408,-4.19998,-8.05297,-1.62599,-4.20211
Urea,NC(N)=O,Sulfathiazole,Nc1ccc(S(=O)(=O)Nc2nccs2)cc1,-0.53751,-2.22339,-2.54090,-6.76037,-141432.44597,-916012.38694,-6.15615,-10.36379,1.58508,4.23529,-3.82943,-3.88052,-3.91181,-10.71855,1.35989,2.05486
Xylitol,OC[C@H](O)[C@@H](O)[C@H](O)CO,ChCl,C[N+](C)(C)CCO.[Cl-],-6.43662,-1.03284,-8.04659,-15.23562,-360255.46050,-495312.04207,-13.30981,-17.40787,4.45311,3.21001,-9.68655,-12.59628,-8.07637,-8.02160,-3.56110,-4.79385
Xylose,O[C@H]1OC[C@@H](O)[C@H](O)[C@H]1O,ChCl,C[N+](C)(C)CCO.[Cl-],-6.69602,-2.54162,-7.12929,-16.34156,-359501.53149,-495313.55086,-12.18398,-19.34767,3.75514,2.72635,-8.56028,-14.12395,-7.37884,-7.95006,-5.03769,-7.34039
