Component#1,Smiles#1,Component#2,Smiles#2,mu_1#1,log10(p)_1#1,H_int_1#1,H_MF_1#1,H_HB_1#1,H_vdW_1#1,mu_1#2,log10(p)_1#2,H_int_1#2,H_MF_1#2,H_HB_1#2,H_vdW_1#2,mu_0#1,log10(p)_0#1,H_int_0#1,H_MF_0#1,H_HB_0#1,H_vdW_0#1,mu_0#2,log10(p)_0#2,H_int_0#2,H_MF_0#2,H_HB_0#2,H_vdW_0#2
[C2Mim]Cl,CCn1cc[n+](C)c1.[Cl-],ChCl,C[N+](C)(C)CCO.[Cl-],2.82084,-9.28027,-4.11666,8.25923,-2.23550,-10.14039,5.74815,-1.94240,1.34719,8.54801,-0.49990,-6.70093,5.86565,-1.74819,1.84026,9.81791,-0.49804,-7.47962,3.02525,-9.39993,-3.74974,7.48447,-2.21510,-9.01910
[C2Ohmim]Cl,C[n+]1ccn(CCO)c1.[Cl-],ChCl,C[N+](C)(C)CCO.[Cl-],2.08381,-7.56968,-5.34916,6.64510,-2.72153,-9.27272,5.74815,-1.94240,1.34719,8.54801,-0.49990,-6.70093,5.02761,-0.96160,1.11112,8.74608,-0.57420,-7.06077,3.03581,-9.00879,-4.51543,6.58836,-2.37555,-8.72824
[C4Mpyr]Cl,CCCC[N+]1(C)CCCC1.[Cl-],ChCl,C[N+](C)(C)CCO.[Cl-],4.64422,-3.54611,-0.70405,9.94744,-0.55486,-10.09664,5.74815,-1.94240,1.34719,8.54801,-0.49990,-6.70093,6.05297,-1.10976,2.24588,11.14427,-0.40874,-8.48965,5.06388,-4.22914,-0.29905,8.53187,-0.83648,-7.99444
[C4Py]Cl,CCCC[n+]1ccccc1.[Cl-],ChCl,C[N+](C)(C)CCO.[Cl-],3.48909,-7.32208,-3.95563,8.83385,-1.79662,-10.99285,5.74815,-1.94240,1.34719,8.54801,-0.49990,-6.70093,6.02040,-2.10978,1.83841,10.86754,-0.52953,-8.49959,4.10946,-6.60218,-2.59703,7.68430,-1.63403,-8.64730
[Ch][OAc],CC(=O)[O-].C[N+](C)(C)CCO,ChCl,C[N+](C)(C)CCO.[Cl-],2.16770,-5.90016,-4.29572,6.28779,-1.54383,-9.03968,5.74815,-1.94240,1.34719,8.54801,-0.49990,-6.70093,4.79966,-0.12607,1.32550,9.07652,-0.43013,-7.32089,3.09531,-8.80864,-3.89674,6.09030,-1.78688,-8.20017
[Ch][OAc],CC(=O)[O-].C[N+](C)(C)CCO,Urea,NC(N)=O,2.16770,-5.90016,-4.29572,6.28779,-1.54383,-9.03968,0.54428,0.55221,-4.72317,2.17601,-3.56890,-3.33028,2.44048,-4.38772,-6.47577,5.52138,-3.69417,-8.30298,-0.40941,-0.78168,-4.82979,2.33736,-3.39407,-3.77307
[MeCh]Cl,COCC[N+](C)(C)C.[Cl-],ChCl,C[N+](C)(C)CCO.[Cl-],5.46079,-5.15567,-1.73406,9.34883,-1.72773,-9.35516,5.74815,-1.94240,1.34719,8.54801,-0.49990,-6.70093,7.16768,-1.66677,1.87084,10.14042,-0.61479,-7.65479,4.39191,-5.34283,-1.55558,8.00523,-1.37922,-8.18160
[N1111]Cl,C[N+](C)(C)C.[Cl-],[NH4]Cl,[Cl-].[NH4+],6.86588,-1.05939,3.40280,9.76692,-0.47605,-5.88808,3.26435,-1.82018,-3.08352,2.46613,-2.22889,-3.32076,6.11894,-1.07363,-1.00672,6.63542,-1.73796,-5.90418,3.95033,-1.85122,-1.49532,3.52136,-1.63704,-3.37964
[N2222]Cl,CC[N+](CC)(CC)CC.[Cl-],[N1111]Cl,C[N+](C)(C)C.[Cl-],6.00874,-1.84440,2.04399,11.15151,-0.16825,-8.93927,6.86588,-1.05939,3.40280,9.76692,-0.47605,-5.88808,6.87869,-0.42634,4.45349,12.61952,-0.29914,-7.86689,6.64971,-2.30218,2.09208,9.22922,-0.45391,-6.68323
[N2222]Cl,CC[N+](CC)(CC)CC.[Cl-],ChCl,C[N+](C)(C)CCO.[Cl-],6.00874,-1.84440,2.04399,11.15151,-0.16825,-8.93927,5.74815,-1.94240,1.34719,8.54801,-0.49990,-6.70093,6.60629,-0.97047,2.62695,11.19112,-0.35584,-8.20833,5.57547,-2.72051,1.37587,9.16722,-0.47116,-7.32020
[N3333]Cl,CCC[N+](CCC)(CCC)CCC.[Cl-],[N1111]Cl,C[N+](C)(C)C.[Cl-],4.50968,-2.69399,-0.77630,11.56310,-0.15778,-12.18162,6.86588,-1.05939,3.40280,9.76692,-0.47605,-5.88808,6.60145,-0.21519,4.80011,15.30180,-0.29339,-10.20829,6.88241,-2.80670,1.46809,8.97769,-0.51327,-6.99632
[N3333]Cl,CCC[N+](CCC)(CCC)CCC.[Cl-],ChCl,C[N+](C)(C)CCO.[Cl-],4.50968,-2.69399,-0.77630,11.56310,-0.15778,-12.18162,5.74815,-1.94240,1.34719,8.54801,-0.49990,-6.70093,6.42221,-0.71143,2.72307,13.75572,-0.35141,-10.68124,5.79328,-3.25898,0.66201,8.86893,-0.53594,-7.67098
[N4444]Br,CCCC[N+](CCCC)(CCCC)CCCC.[Br-],Malonic Acid,O=C(O)CC(=O)O,0.63554,-7.20966,-7.30066,10.32388,-0.75329,-16.87125,0.97695,2.13367,-3.95896,2.88752,-3.32685,-3.51964,-6.26536,-10.33331,-20.24842,6.76699,-13.10053,-13.91488,-2.74784,-0.15337,-8.44807,2.88105,-5.96277,-5.36635
[N4444]Br,CCCC[N+](CCCC)(CCCC)CCCC.[Br-],Oxalic Acid,O=C(O)C(=O)O,0.63554,-7.20966,-7.30066,10.32388,-0.75329,-16.87125,1.94540,3.11221,-1.31321,3.22075,-2.15626,-2.37771,-5.70059,-8.01646,-15.45339,7.82901,-10.36596,-12.91644,-3.19572,-0.46044,-9.18897,2.34199,-7.00484,-4.52612
[N4444]Br,CCCC[N+](CCCC)(CCCC)CCCC.[Br-],Suberic Acid,O=C(O)CCCCCCC(=O)O,0.63554,-7.20966,-7.30066,10.32388,-0.75329,-16.87125,-0.55281,0.98915,-7.64795,4.53848,-3.51097,-8.67546,-2.33264,-7.93807,-16.76694,6.87963,-8.69287,-14.95371,-3.20298,-0.86470,-9.74647,5.17309,-4.74408,-10.17548
[N4444]Br,CCCC[N+](CCCC)(CCCC)CCCC.[Br-],Succinic Acid,O=C(O)CCC(=O)O,0.63554,-7.20966,-7.30066,10.32388,-0.75329,-16.87125,0.96260,2.82168,-3.43066,3.56745,-2.49652,-4.50159,-2.19875,-6.57144,-13.16293,7.84101,-7.28692,-13.71702,-2.52678,0.19499,-7.98011,3.47550,-5.10809,-6.34753
[N4444]Cl,CCCC[N+](CCCC)(CCCC)CCCC.[Cl-],Arginine,NC(=[NH2+])NCCC[C@H](N)C(=O)[O-],0.74069,-9.75154,-7.15157,10.96627,-0.57698,-17.54086,7.67083,-14.05282,-8.14093,8.35804,-8.83062,-7.66835,7.77074,-1.55939,-3.89903,12.72008,-2.72944,-13.88967,3.48232,-25.92956,-11.10833,9.29358,-10.26409,-10.13781
[N4444]Cl,CCCC[N+](CCCC)(CCCC)CCCC.[Cl-],Aspartic acid,[NH3+][C@@H](CC(=O)O)C(=O)[O-],0.74069,-9.75154,-7.15157,10.96627,-0.57698,-17.54086,5.34032,-4.05707,-3.94996,4.83371,-4.16703,-4.61664,10.17830,0.15851,-1.23020,13.99028,-2.93918,-12.28129,-1.74199,-14.91129,-12.75699,5.16558,-11.01370,-6.90886
[N4444]Cl,CCCC[N+](CCCC)(CCCC)CCCC.[Cl-],ChCl,C[N+](C)(C)CCO.[Cl-],0.74069,-9.75154,-7.15157,10.96627,-0.57698,-17.54086,5.74815,-1.94240,1.34719,8.54801,-0.49990,-6.70093,6.57870,-0.79285,2.74046,16.25775,-0.37818,-13.13911,3.47045,-9.42166,-2.64358,8.06038,-1.69620,-9.00776
[N4444]Cl,CCCC[N+](CCCC)(CCCC)CCCC.[Cl-],Glutamic acid,[NH3+][C@@H](CCC(=O)O)C(=O)[O-],0.74069,-9.75154,-7.15157,10.96627,-0.57698,-17.54086,4.36728,-5.76791,-7.66186,4.98783,-6.56662,-6.08307,6.49681,-2.56229,-6.92331,11.51815,-4.54251,-13.89895,-1.52602,-14.23851,-12.60761,5.88379,-10.48802,-8.00338
[N4444]Cl,CCCC[N+](CCCC)(CCCC)CCCC.[Cl-],L-Methionine,CSCC[C@H]([NH3+])C(=O)[O-],0.74069,-9.75154,-7.15157,10.96627,-0.57698,-17.54086,5.13165,-1.41181,-2.26649,6.60352,-1.93555,-6.93446,5.63853,-1.42434,-2.98635,12.05635,-1.54453,-13.49817,-0.90381,-10.45391,-8.86133,5.83856,-5.53966,-9.16023
[N4444]Cl,CCCC[N+](CCCC)(CCCC)CCCC.[Cl-],L-Serine,[NH3+][C@@H](CO)C(=O)[O-],0.74069,-9.75154,-7.15157,10.96627,-0.57698,-17.54086,3.91478,-5.08080,-6.35577,4.01875,-5.76232,-4.61220,13.26759,0.93919,-1.43917,15.54568,-3.44393,-13.54092,0.27892,-12.87328,-9.97005,5.44667,-9.32778,-6.08894
[N4444]Cl,CCCC[N+](CCCC)(CCCC)CCCC.[Cl-],L-Threonine,C[C@@H](O)[C@H]([NH3+])C(=O)[O-],0.74069,-9.75154,-7.15157,10.96627,-0.57698,-17.54086,4.46025,-2.08646,-3.71890,5.01595,-3.73853,-4.99632,8.07460,-0.88171,-2.58073,13.11953,-2.55662,-13.14364,-0.54447,-10.12675,-9.50684,5.21432,-7.88271,-6.83845
[N4444]Cl,CCCC[N+](CCCC)(CCCC)CCCC.[Cl-],Urea,NC(N)=O,0.74069,-9.75154,-7.15157,10.96627,-0.57698,-17.54086,0.54428,0.55221,-4.72317,2.17601,-3.56890,-3.33028,3.42376,-5.76609,-9.39952,10.11985,-5.06050,-14.45887,-1.27463,-1.74823,-5.40487,2.92574,-4.22539,-4.10522
[N5555]Br,CCCCC[N+](CCCCC)(CCCCC)CCCCC.[Br-],Erythritol,OC[C@H](O)[C@H](O)CO,-1.63230,-8.98914,-10.64921,10.35467,-0.43964,-20.56423,-0.34906,-0.72334,-11.30500,3.27169,-8.78532,-5.79136,-0.37292,-7.53406,-16.41188,9.62631,-7.63551,-18.40267,-1.05369,-1.51526,-8.39922,4.24939,-5.81331,-6.83530
[N6666]Br,CCCCCC[N+](CCCCCC)(CCCCCC)CCCCCC.[Br-],Adipic Acid,O=C(O)CCCCC(=O)O,-2.29004,-9.90611,-12.75640,10.82816,-0.88780,-22.69676,0.31775,1.66517,-5.80924,4.13876,-3.30093,-6.64707,-4.01323,-8.59470,-18.88194,9.41143,-8.90451,-19.38886,-2.97208,-1.06320,-9.98805,4.25486,-5.88936,-8.35355
1-(Trifluoromethyl)urea,NC(=O)NC(F)(F)F,Ethylammonium chloride,CC[NH3+].[Cl-],0.70584,-0.26057,-4.67570,3.11987,-3.05521,-4.74036,1.12860,-6.59153,-8.69522,3.97271,-6.01154,-6.65639,0.15437,-0.44490,-6.29515,2.82264,-3.75941,-5.35839,0.14957,-7.41618,-10.05296,2.68705,-7.28062,-5.45939
"1,1-Dimethylurea",CN(C)C(N)=O,ChCl,C[N+](C)(C)CCO.[Cl-],0.56749,2.40828,-2.04312,3.88831,-0.80818,-5.12325,5.74815,-1.94240,1.34719,8.54801,-0.49990,-6.70093,1.29061,3.64885,0.65103,5.49509,-0.31141,-4.53265,4.93973,-4.74986,-2.03029,6.83137,-1.37924,-7.48243
"1,3-Dimethylurea",CNC(=O)NC,[N2222]Br,CC[N+](CC)(CC)CC.[Br-],-0.40667,0.72020,-5.27565,2.95762,-2.51360,-5.71966,5.56309,-0.46294,2.58609,10.65908,-0.08540,-7.98759,0.80846,3.62348,0.46815,5.11519,-0.28108,-4.36596,2.16898,-7.35285,-7.14897,6.20862,-3.12115,-10.23643
"1,3-Dimethylurea",CNC(=O)NC,ChCl,C[N+](C)(C)CCO.[Cl-],-0.40667,0.72020,-5.27565,2.95762,-2.51360,-5.71966,5.74815,-1.94240,1.34719,8.54801,-0.49990,-6.70093,1.09778,3.42012,0.20464,5.35203,-0.46702,-4.68036,3.44338,-7.91251,-6.08858,5.52273,-3.51039,-8.10092
"1,8-Cineole",CC12CCC(CC1)C(C)(C)O2,Ibuprofen,CC(C)Cc1ccc(C(C)C(=O)O)cc1,-5.76079,-0.96707,-7.78033,1.77913,0.00000,-9.55946,-4.59963,-1.03863,-10.81587,3.22439,-2.28308,-11.75718,-5.54607,0.87184,-9.01472,1.89923,-1.87570,-9.03825,-7.99796,-5.93775,-14.04688,2.91398,-4.65955,-12.30131
1-Methylurea,CNC(N)=O,ChCl,C[N+](C)(C)CCO.[Cl-],0.01615,0.38138,-5.31296,2.58801,-3.28966,-4.61131,5.74815,-1.94240,1.34719,8.54801,-0.49990,-6.70093,1.30914,3.18118,-0.02021,4.46835,-0.59657,-3.89198,2.37309,-8.76048,-7.33617,4.90704,-4.25665,-7.98656
1-Methylurea,CNC(N)=O,Ethylammonium chloride,CC[NH3+].[Cl-],0.01615,0.38138,-5.31296,2.58801,-3.28966,-4.61131,1.12860,-6.59153,-8.69522,3.97271,-6.01154,-6.65639,0.33712,0.69151,-5.46880,3.10093,-3.42581,-5.14392,1.23856,-6.79291,-8.94759,3.34686,-6.31056,-5.98389
"2,2,2-Trifluoroacetamide",NC(=O)C(F)(F)F,Benzyltriphenylphosphonium chloride,[Cl-].c1ccc(C[P+](c2ccccc2)(c2ccccc2)c2ccccc2)cc1,-0.25211,1.59129,-3.49273,2.27003,-1.60712,-4.15563,3.35881,-3.55784,-2.61981,11.62126,-0.14014,-14.10093,0.09691,3.97187,-0.68071,3.10851,-0.43270,-3.35653,-5.78908,-16.98485,-17.30708,5.89195,-8.03699,-15.16204
"2,2,2-Trifluoroacetamide",NC(=O)C(F)(F)F,ChCl,C[N+](C)(C)CCO.[Cl-],-0.25211,1.59129,-3.49273,2.27003,-1.60712,-4.15563,5.74815,-1.94240,1.34719,8.54801,-0.49990,-6.70093,0.22141,3.89146,-0.30519,3.71791,-0.57372,-3.44937,-0.85970,-11.95318,-11.04593,3.24710,-7.09263,-7.20040
"2,2,2-Trifluoroacetamide",NC(=O)C(F)(F)F,Ethylammonium chloride,CC[NH3+].[Cl-],-0.25211,1.59129,-3.49273,2.27003,-1.60712,-4.15563,1.12860,-6.59153,-8.69522,3.97271,-6.01154,-6.65639,0.23826,2.33590,-4.25782,2.58202,-2.27810,-4.56173,0.11491,-8.51521,-10.28501,2.59471,-7.35343,-5.52629
"2,2,2-Trifluoroacetamide",NC(=O)C(F)(F)F,Methyltriphenylphosphonium bromide,C[P+](c1ccccc1)(c1ccccc1)c1ccccc1.[Br-],-0.25211,1.59129,-3.49273,2.27003,-1.60712,-4.15563,2.65088,-6.90471,-5.34739,10.36008,-0.57478,-15.13269,0.05904,3.37657,-1.94816,2.80341,-0.81796,-3.93361,-4.12789,-17.36496,-15.46817,5.48475,-7.50960,-13.44332
"2,3-Xylenol",Cc1cccc(O)c1C,ChCl,C[N+](C)(C)CCO.[Cl-],-3.00817,1.22955,-5.77207,2.60309,-0.64416,-7.73099,5.74815,-1.94240,1.34719,8.54801,-0.49990,-6.70093,-1.30819,4.16006,-0.90246,5.69731,-0.59424,-6.00554,-3.07065,-13.47706,-21.12621,3.28465,-15.93023,-8.48063
"2,4,6-Trimethylphenol",Cc1cc(C)c(O)c(C)c1,ChCl,C[N+](C)(C)CCO.[Cl-],-3.95709,0.90200,-6.71960,2.41162,-0.41807,-8.71316,5.74815,-1.94240,1.34719,8.54801,-0.49990,-6.70093,-1.21525,4.36471,-0.44708,6.64658,-0.33159,-6.76206,1.26544,-10.76853,-16.35115,3.96062,-11.81112,-8.50066
"3,4-Dimethylphenol",Cc1ccc(O)cc1C,ChCl,C[N+](C)(C)CCO.[Cl-],-3.10663,0.67485,-6.92581,2.51737,-1.61838,-7.82481,5.74815,-1.94240,1.34719,8.54801,-0.49990,-6.70093,-1.05519,4.08752,-0.79882,5.88649,-0.61204,-6.07327,-2.78287,-14.00265,-21.46813,3.31149,-16.27384,-8.50577
4-Hydroxybenzoic acid,O=C(O)c1ccc(O)cc1,ChCl,C[N+](C)(C)CCO.[Cl-],0.01266,2.23811,-3.52037,3.90493,-1.55454,-5.87077,5.74815,-1.94240,1.34719,8.54801,-0.49990,-6.70093,-0.62651,2.71517,-1.82401,5.25576,-1.44470,-5.63507,2.56831,-4.96950,-7.75778,4.75405,-5.49414,-7.01769
5-Phenylvaleric Acid,O=C(O)CCCCc1ccccc1,ChCl,C[N+](C)(C)CCO.[Cl-],-3.67296,-1.26985,-9.77929,3.45396,-2.61548,-10.61778,5.74815,-1.94240,1.34719,8.54801,-0.49990,-6.70093,0.06957,3.63192,-0.34086,8.68600,-0.64921,-8.37765,0.12462,-12.21593,-18.80879,3.86223,-14.29713,-8.37389
Acetamide,CC(N)=O,ChCl,C[N+](C)(C)CCO.[Cl-],-0.17401,0.94095,-4.20958,2.35191,-2.42003,-4.14147,5.74815,-1.94240,1.34719,8.54801,-0.49990,-6.70093,1.00666,3.70465,0.29373,4.07083,-0.40519,-3.37192,2.52396,-9.54157,-6.70890,5.31882,-3.93259,-8.09512
Acetic acid,CC(=O)O,[N4444]Br,CCCC[N+](CCCC)(CCCC)CCCC.[Br-],-1.79173,1.29578,-6.22687,1.50296,-4.05403,-3.67580,0.63554,-7.20966,-7.30066,10.32388,-0.75329,-16.87125,-1.86901,2.70534,-4.21969,2.38155,-2.48289,-4.11835,-9.78259,-19.98594,-30.97786,5.30497,-20.62904,-15.65379
Acetic acid,CC(=O)O,Betaine,C[N+](C)(C)CC(=O)[O-],-1.79173,1.29578,-6.22687,1.50296,-4.05403,-3.67580,6.29354,-1.65929,2.49216,9.01748,-0.86390,-5.66142,-0.90075,4.12800,-1.34387,3.50252,-1.55208,-3.29431,-7.09361,-18.39206,-27.53945,2.54287,-23.61912,-6.46320
Acetylsalicylic Acid,CC(=O)Oc1ccccc1C(=O)O,ChCl,C[N+](C)(C)CCO.[Cl-],-1.50625,0.82932,-5.78182,3.69230,-1.32094,-8.15319,5.74815,-1.94240,1.34719,8.54801,-0.49990,-6.70093,-0.10168,3.08948,-0.55466,7.16926,-0.73761,-6.98631,2.74415,-7.04202,-10.37653,4.72309,-7.39439,-7.70523
Adiphenine,CCN(CC)CCOC(=O)C(c1ccccc1)c1ccccc1,Acetylsalicylic Acid,CC(=O)Oc1ccccc1C(=O)O,-5.92592,-2.26431,-11.81264,4.73547,-0.00463,-16.54349,-1.50625,0.82932,-5.78182,3.69230,-1.32094,-8.15319,-5.27144,-1.31209,-10.50348,5.82338,-0.85600,-15.47086,-1.69984,0.28907,-6.62797,3.35233,-1.14153,-8.83877
Adiphenine,CCN(CC)CCOC(=O)C(c1ccccc1)c1ccccc1,Urea,NC(N)=O,-5.92592,-2.26431,-11.81264,4.73547,-0.00463,-16.54349,0.54428,0.55221,-4.72317,2.17601,-3.56890,-3.33028,1.21385,2.01486,-5.85111,9.70149,-0.67788,-14.87472,3.47613,1.89318,-0.98383,3.43142,-0.62311,-3.79214
Adipic Acid,O=C(O)CCCCC(=O)O,[N2222]Br,CC[N+](CC)(CC)CC.[Br-],0.31775,1.66517,-5.80924,4.13876,-3.30093,-6.64707,5.56309,-0.46294,2.58609,10.65908,-0.08540,-7.98759,0.78782,3.54414,-0.38588,6.47269,-0.92666,-5.93192,0.34942,-6.71863,-11.69724,5.47173,-7.79413,-9.37484
Adipic Acid,O=C(O)CCCCC(=O)O,[N3333]Br,CCC[N+](CCC)(CCC)CCC.[Br-],0.31775,1.66517,-5.80924,4.13876,-3.30093,-6.64707,4.53650,-1.62181,0.04983,11.35263,-0.10913,-11.19366,0.50775,3.14965,-1.89402,5.74105,-1.19523,-6.43984,-0.94638,-7.57578,-13.86259,6.62800,-8.24150,-12.24909
Adipic Acid,O=C(O)CCCCC(=O)O,ChCl,C[N+](C)(C)CCO.[Cl-],0.31775,1.66517,-5.80924,4.13876,-3.30093,-6.64707,5.74815,-1.94240,1.34719,8.54801,-0.49990,-6.70093,1.15963,3.36444,-0.73783,6.90067,-1.33158,-6.30692,2.15600,-6.94395,-10.14281,4.81575,-7.55753,-7.40104
Arabinose,O[C@H]1CO[C@H](O)[C@H](O)[C@H]1O,ChCl,C[N+](C)(C)CCO.[Cl-],0.36709,0.73715,-6.78510,3.64685,-4.83979,-5.59216,5.74815,-1.94240,1.34719,8.54801,-0.49990,-6.70093,1.06138,2.53042,-0.91071,5.83667,-1.34533,-5.40204,2.71126,-6.38453,-8.02069,4.84571,-5.56931,-7.29709
Benzamide,NC(=O)c1ccccc1,ChCl,C[N+](C)(C)CCO.[Cl-],-0.90470,0.45584,-5.02395,3.35013,-1.28765,-7.08643,5.74815,-1.94240,1.34719,8.54801,-0.49990,-6.70093,0.38910,2.93491,-0.16138,5.87518,-0.40497,-5.63159,3.75403,-6.97336,-5.41094,5.23700,-2.61452,-8.03342
Benzoic Acid,O=C(O)c1ccccc1,Betaine,C[N+](C)(C)CC(=O)[O-],-2.09053,1.83274,-5.64442,2.55056,-1.54229,-6.65269,6.29354,-1.65929,2.49216,9.01748,-0.86390,-5.66142,-2.04294,3.02690,-2.12969,5.20383,-1.56590,-5.76762,0.30955,-7.53965,-17.50848,3.45327,-14.50404,-6.45770
Benzoic Acid,O=C(O)c1ccccc1,ChCl,C[N+](C)(C)CCO.[Cl-],-2.09053,1.83274,-5.64442,2.55056,-1.54229,-6.65269,5.74815,-1.94240,1.34719,8.54801,-0.49990,-6.70093,-0.91218,3.88528,-0.74576,5.36839,-0.68719,-5.42697,1.56869,-8.34464,-13.92705,4.26150,-10.24404,-7.94451
Benzyldimethyl-2-hydroxyethyl-ammonium chloride,C[N+](C)(CCO)Cc1ccccc1.[Cl-],ChCl,C[N+](C)(C)CCO.[Cl-],1.81373,-10.15042,-6.29242,7.76377,-1.81706,-12.23912,5.74815,-1.94240,1.34719,8.54801,-0.49990,-6.70093,5.48186,-2.06950,1.29540,11.06240,-0.48757,-9.27943,2.97833,-9.38267,-4.41620,6.22845,-1.85188,-8.79277
Caffeic acid,O=C(O)/C=C/c1ccc(O)c(O)c1,ChCl,C[N+](C)(C)CCO.[Cl-],0.54067,1.47290,-4.08433,4.89249,-1.84875,-7.12807,5.74815,-1.94240,1.34719,8.54801,-0.49990,-6.70093,-0.19242,1.87873,-2.18750,6.71591,-1.78070,-7.12272,3.25848,-4.28890,-6.36842,5.02157,-4.56026,-6.82973
Capric Acid,CCCCCCCCCC(=O)O,[N1111]Cl,C[N+](C)(C)C.[Cl-],-6.03283,-1.49128,-12.87620,2.30882,-3.42315,-11.76187,6.86588,-1.05939,3.40280,9.76692,-0.47605,-5.88808,-0.61288,4.66942,0.80474,10.14741,-0.67852,-8.66415,-2.83957,-16.08311,-26.66298,3.09600,-22.04132,-7.71766
Capric Acid,CCCCCCCCCC(=O)O,[N2222]Cl,CC[N+](CC)(CC)CC.[Cl-],-6.03283,-1.49128,-12.87620,2.30882,-3.42315,-11.76187,6.00874,-1.84440,2.04399,11.15151,-0.16825,-8.93927,-2.93791,3.39474,-3.67103,7.25899,-1.05756,-9.87246,-5.61301,-16.80800,-29.93984,3.10197,-22.52407,-10.51775
Capric Acid,CCCCCCCCCC(=O)O,[N3333]Cl,CCC[N+](CCC)(CCC)CCC.[Cl-],-6.03283,-1.49128,-12.87620,2.30882,-3.42315,-11.76187,4.50968,-2.69399,-0.77630,11.56310,-0.15778,-12.18162,-3.80522,2.78592,-5.78755,5.90491,-1.31802,-10.37444,-8.49328,-18.24985,-33.77215,3.22504,-23.21028,-13.78690
Capric Acid,CCCCCCCCCC(=O)O,[N4444]Cl,CCCC[N+](CCCC)(CCCC)CCCC.[Cl-],-6.03283,-1.49128,-12.87620,2.30882,-3.42315,-11.76187,0.74069,-9.75154,-7.15157,10.96627,-0.57698,-17.54086,-7.22417,-1.28967,-11.85403,4.37283,-4.07938,-12.14748,-11.44981,-20.63637,-38.87296,3.40233,-25.25622,-17.01907
Capric Acid,CCCCCCCCCC(=O)O,ChCl,C[N+](C)(C)CCO.[Cl-],-6.03283,-1.49128,-12.87620,2.30882,-3.42315,-11.76187,5.74815,-1.94240,1.34719,8.54801,-0.49990,-6.70093,-0.21859,4.68332,-0.32358,9.41057,-0.65674,-9.07741,-0.26804,-14.20387,-21.72075,3.80818,-17.06319,-8.46574
Capric Acid,CCCCCCCCCC(=O)O,Lauric Acid,CCCCCCCCCCCC(=O)O,-6.03283,-1.49128,-12.87620,2.30882,-3.42315,-11.76187,-6.87543,-1.77641,-14.31811,2.51816,-3.12838,-13.70789,-5.74924,-0.95963,-12.56282,2.31544,-3.10809,-11.77017,-7.17435,-2.35307,-14.62293,2.52536,-3.44908,-13.69921
Capric Acid,CCCCCCCCCC(=O)O,Lidocaine,CCN(CC)CC(=O)Nc1c(C)cccc1C,-6.03283,-1.49128,-12.87620,2.30882,-3.42315,-11.76187,-3.47288,-3.59407,-10.56863,5.02057,-2.11413,-13.47507,-7.25217,-1.37619,-14.35761,3.44196,-6.06764,-11.73192,-7.96051,-8.06562,-20.89963,2.98288,-10.50243,-13.38008
Capric Acid,CCCCCCCCCC(=O)O,Menthol,CC(C)[C@@H]1CC[C@@H](C)C[C@H]1O,-6.03283,-1.49128,-12.87620,2.30882,-3.42315,-11.76187,-5.94429,-0.46225,-10.80443,1.58066,-2.22004,-10.16505,-6.10521,-1.27955,-13.48583,2.21844,-3.73270,-11.97158,-6.31541,-0.96569,-11.38951,1.66417,-3.04602,-10.00766
Capric Acid,CCCCCCCCCC(=O)O,Myristic Acid,CCCCCCCCCCCCCC(=O)O,-6.03283,-1.49128,-12.87620,2.30882,-3.42315,-11.76187,-7.76650,-2.18620,-15.75552,2.70166,-2.79808,-15.65911,-5.53709,-0.58893,-12.30541,2.31266,-2.84760,-11.77046,-8.30844,-3.23801,-16.26450,2.75262,-3.36514,-15.65197
Capric Acid,CCCCCCCCCC(=O)O,Palmitic Acid,CCCCCCCCCCCCCCCC(=O)O,-6.03283,-1.49128,-12.87620,2.30882,-3.42315,-11.76187,-8.64770,-2.54582,-17.25203,2.87898,-2.52950,-17.60151,-5.32560,-0.23321,-12.00910,2.32788,-2.58261,-11.75436,-9.46776,-4.12758,-18.00376,2.97350,-3.35478,-17.62247
Capric Acid,CCCCCCCCCC(=O)O,Propranolol,CC(C)NCC(O)COc1cccc2ccccc12,-6.03283,-1.49128,-12.87620,2.30882,-3.42315,-11.76187,-4.33247,-2.29089,-11.86701,4.67720,-2.46715,-14.07706,-5.02366,0.57239,-10.98606,3.33315,-2.87351,-11.44570,-6.74562,-5.96572,-18.01870,3.37267,-7.14603,-14.24535
Capric Acid,CCCCCCCCCC(=O)O,Stearic Acid,CCCCCCCCCCCCCCCCCC(=O)O,-6.03283,-1.49128,-12.87620,2.30882,-3.42315,-11.76187,-9.57177,-2.97100,-18.86722,3.02143,-2.36476,-19.52390,-5.17189,0.01496,-11.77974,2.33653,-2.37291,-11.74336,-10.63511,-5.00677,-19.81547,3.18006,-3.42449,-19.57103
Capric Acid,CCCCCCCCCC(=O)O,Thymol,Cc1ccc(C(C)C)c(O)c1,-6.03283,-1.49128,-12.87620,2.30882,-3.42315,-11.76187,-4.29055,-0.07277,-7.80905,2.63511,-0.82965,-9.61451,-5.97837,-0.96828,-12.06294,2.79519,-3.07245,-11.78569,-4.85402,-0.90579,-9.23133,2.05521,-1.77882,-9.50772
Caprylic Acid,CCCCCCCC(=O)O,Capric Acid,CCCCCCCCCC(=O)O,-5.14581,-1.24682,-11.25675,2.12746,-3.60462,-9.77959,-6.03283,-1.49128,-12.87620,2.30882,-3.42315,-11.76187,-4.79380,-0.54965,-10.95281,2.12237,-3.29435,-9.78083,-6.40437,-2.25749,-13.16561,2.34563,-3.75049,-11.76076
Caprylic Acid,CCCCCCCC(=O)O,Lauric Acid,CCCCCCCCCCCC(=O)O,-5.14581,-1.24682,-11.25675,2.12746,-3.60462,-9.77959,-6.87543,-1.77641,-14.31811,2.51816,-3.12838,-13.70789,-4.52924,-0.06877,-10.63841,2.14427,-2.99399,-9.78869,-7.56156,-3.18081,-14.89189,2.59008,-3.78376,-13.69821
Caprylic Acid,CCCCCCCC(=O)O,Menthol,CC(C)[C@@H]1CC[C@@H](C)C[C@H]1O,-5.14581,-1.24682,-11.25675,2.12746,-3.60462,-9.77959,-5.94429,-0.46225,-10.80443,1.58066,-2.22004,-10.16505,-4.86457,-0.36614,-11.55925,2.06817,-3.66753,-9.95989,-6.59790,-1.63411,-11.65684,1.72352,-3.37253,-10.00782
Caprylic Acid,CCCCCCCC(=O)O,Thymol,Cc1ccc(C(C)C)c(O)c1,-5.14581,-1.24682,-11.25675,2.12746,-3.60462,-9.77959,-4.29055,-0.07277,-7.80905,2.63511,-0.82965,-9.61451,-4.78185,-0.10981,-10.26806,2.50653,-2.94968,-9.82491,-5.13104,-1.56660,-9.35259,2.08068,-1.91227,-9.52100
ChCl,C[N+](C)(C)CCO.[Cl-],[N1111]Cl,C[N+](C)(C)C.[Cl-],5.74815,-1.94240,1.34719,8.54801,-0.49990,-6.70093,6.86588,-1.05939,3.40280,9.76692,-0.47605,-5.88808,5.94095,-1.37160,2.97310,9.87409,-0.46123,-6.43976,6.60418,-1.63749,1.86954,8.51305,-0.52537,-6.11813
ChCl,C[N+](C)(C)CCO.[Cl-],[NH4]Cl,[Cl-].[NH4+],5.74815,-1.94240,1.34719,8.54801,-0.49990,-6.70093,3.26435,-1.82018,-3.08352,2.46613,-2.22889,-3.32076,7.40847,-0.61077,-0.33861,7.69383,-1.53086,-6.50157,4.58329,-2.13868,-1.73277,3.39873,-1.59560,-3.53590
Citric Acid,O=C(O)CC(O)(CC(=O)O)C(=O)O,ChCl,C[N+](C)(C)CCO.[Cl-],1.74600,-1.87121,-10.92652,4.25818,-9.87390,-5.31080,5.74815,-1.94240,1.34719,8.54801,-0.49990,-6.70093,2.56682,0.71365,-1.96364,6.87707,-2.57768,-6.26303,0.93109,-7.49225,-11.53551,4.27750,-8.76882,-7.04419
Cyclohexanecarboxylic Acid,O=C(O)C1CCCCC1,Menthol,CC(C)[C@@H]1CC[C@@H](C)C[C@H]1O,-3.83628,-0.54437,-8.93542,1.86276,-3.43535,-7.36283,-5.94429,-0.46225,-10.80443,1.58066,-2.22004,-10.16505,-3.76261,-0.13256,-9.46088,1.74596,-3.56967,-7.63717,-6.30402,-1.09960,-11.22480,1.89064,-3.25060,-9.86484
Cyclohexylpropionic Acid,O=C(O)CCC1CCCCC1,Menthol,CC(C)[C@@H]1CC[C@@H](C)C[C@H]1O,-4.94392,-1.78149,-10.83548,2.05676,-3.57674,-9.31549,-5.94429,-0.46225,-10.80443,1.58066,-2.22004,-10.16505,-4.71823,-0.98027,-11.16520,1.98937,-3.64234,-9.51223,-6.51455,-1.48054,-11.57170,1.74127,-3.32177,-9.99120
DL-camphor,CC12CCC(CC1=O)C2(C)C,Betaine,C[N+](C)(C)CC(=O)[O-],-3.00457,2.35763,-4.86115,3.06431,0.00000,-7.92546,6.29354,-1.65929,2.49216,9.01748,-0.86390,-5.66142,-0.87900,3.84676,0.04595,7.35611,-0.07771,-7.23246,9.13903,-1.53512,1.43055,7.88740,-0.20175,-6.25509
DL-camphor,CC12CCC(CC1=O)C2(C)C,ChCl,C[N+](C)(C)CCO.[Cl-],-3.00457,2.35763,-4.86115,3.06431,0.00000,-7.92546,5.74815,-1.94240,1.34719,8.54801,-0.49990,-6.70093,-0.21790,4.43684,0.70890,7.50194,-0.05326,-6.73978,8.04380,-3.39366,0.01741,7.95381,-0.23327,-7.70313
D-Mannitol,OC[C@@H](O)[C@@H](O)[C@H](O)[C@H](O)CO,ChCl,C[N+](C)(C)CCO.[Cl-],1.52542,-1.64530,-9.35760,4.62880,-7.20728,-6.77912,5.74815,-1.94240,1.34719,8.54801,-0.49990,-6.70093,2.81962,0.88079,-1.13300,7.35800,-1.84373,-6.64728,2.99083,-6.07499,-7.49975,5.00165,-5.25991,-7.24149
Erythritol,OC[C@H](O)[C@H](O)CO,[N2222]Br,CC[N+](CC)(CC)CC.[Br-],-0.34906,-0.72334,-11.30500,3.27169,-8.78532,-5.79136,5.56309,-0.46294,2.58609,10.65908,-0.08540,-7.98759,2.17596,3.02578,0.09711,5.93594,-1.00752,-4.83131,1.52473,-7.15631,-11.35275,5.79648,-7.43288,-9.71634
Erythritol,OC[C@H](O)[C@H](O)CO,[N3333]Br,CCC[N+](CCC)(CCC)CCC.[Br-],-0.34906,-0.72334,-11.30500,3.27169,-8.78532,-5.79136,4.53650,-1.62181,0.04983,11.35263,-0.10913,-11.19366,2.12865,2.67408,-1.03215,5.50932,-1.28939,-5.25208,0.90510,-7.70748,-13.41623,7.19953,-7.89248,-12.72328
Erythritol,OC[C@H](O)[C@H](O)CO,ChCl,C[N+](C)(C)CCO.[Cl-],-0.34906,-0.72334,-11.30500,3.27169,-8.78532,-5.79136,5.74815,-1.94240,1.34719,8.54801,-0.49990,-6.70093,1.87637,2.54310,-0.88151,5.79963,-1.50804,-5.17310,2.31718,-7.96114,-10.55011,4.68621,-7.54913,-7.68719
Ethylammonium chloride,CC[NH3+].[Cl-],Urea,NC(N)=O,1.12860,-6.59153,-8.69522,3.97271,-6.01154,-6.65639,0.54428,0.55221,-4.72317,2.17601,-3.56890,-3.33028,1.33775,-5.65661,-8.22162,3.27928,-5.83920,-5.66171,-0.16439,-0.26677,-6.15364,2.17320,-4.24200,-4.08484
Ethylene Glycol,OCCO,[Ch][OAc],CC(=O)[O-].C[N+](C)(C)CCO,-4.02828,-2.31109,-12.20551,1.21214,-9.18964,-4.22801,2.16770,-5.90016,-4.29572,6.28779,-1.54383,-9.03968,-2.50625,1.20324,-6.98410,2.35099,-5.10339,-4.23170,-3.72750,-15.86279,-19.51956,3.12272,-13.58775,-9.05453
Ethylene Glycol,OCCO,[N3333]Br,CCC[N+](CCC)(CCC)CCC.[Br-],-4.02828,-2.31109,-12.20551,1.21214,-9.18964,-4.22801,4.53650,-1.62181,0.04983,11.35263,-0.10913,-11.19366,-0.18441,4.23453,-1.02000,3.31125,-0.82945,-3.50179,-6.44498,-21.39836,-25.65976,4.17714,-16.21623,-13.62068
Ethylene Glycol,OCCO,[N3333]Cl,CCC[N+](CCC)(CCC)CCC.[Cl-],-4.02828,-2.31109,-12.20551,1.21214,-9.18964,-4.22801,4.50968,-2.69399,-0.77630,11.56310,-0.15778,-12.18162,-0.95831,3.46709,-2.69785,3.13460,-1.87267,-3.95978,-8.44982,-22.48239,-28.81157,4.07673,-19.43815,-13.45016
Ethylene Glycol,OCCO,[N4444]Br,CCCC[N+](CCCC)(CCCC)CCCC.[Br-],-4.02828,-2.31109,-12.20551,1.21214,-9.18964,-4.22801,0.63554,-7.20966,-7.30066,10.32388,-0.75329,-16.87125,-1.92548,1.94024,-5.40764,2.55249,-3.45976,-4.50037,-7.82828,-21.36692,-27.66131,4.70240,-16.13087,-16.23284
Ethylene Glycol,OCCO,[N4444]Cl,CCCC[N+](CCCC)(CCCC)CCCC.[Cl-],-4.02828,-2.31109,-12.20551,1.21214,-9.18964,-4.22801,0.74069,-9.75154,-7.15157,10.96627,-0.57698,-17.54086,-4.01610,-0.06540,-8.08143,2.53738,-5.97371,-4.64510,-10.68025,-24.66476,-32.97766,4.75700,-21.11177,-16.62289
Ethylene Glycol,OCCO,Benzyltriphenylphosphonium chloride,[Cl-].c1ccc(C[P+](c2ccccc2)(c2ccccc2)c2ccccc2)cc1,-4.02828,-2.31109,-12.20551,1.21214,-9.18964,-4.22801,3.35881,-3.55784,-2.61981,11.62126,-0.14014,-14.10093,0.05442,4.41078,-0.79316,3.21557,-0.69308,-3.31566,-9.35424,-27.99182,-30.16205,5.27144,-17.47909,-17.95440
Ethylene Glycol,OCCO,ChCl,C[N+](C)(C)CCO.[Cl-],-4.02828,-2.31109,-12.20551,1.21214,-9.18964,-4.22801,5.74815,-1.94240,1.34719,8.54801,-0.49990,-6.70093,0.00809,4.28477,-0.72277,3.68235,-0.95753,-3.44760,-2.96398,-20.04750,-20.26989,2.77914,-14.82067,-8.22836
Ethylene Glycol,OCCO,Methyltriphenylphosphonium bromide,C[P+](c1ccccc1)(c1ccccc1)c1ccccc1.[Br-],-4.02828,-2.31109,-12.20551,1.21214,-9.18964,-4.22801,2.65088,-6.90471,-5.34739,10.36008,-0.57478,-15.13269,-0.22520,3.79687,-2.40081,2.87845,-1.37171,-3.90755,-7.08582,-27.99017,-27.11436,4.65512,-15.93119,-15.83829
Ethylene Glycol,OCCO,"N,N-Diethylethanolammonium chloride",CC[NH+](CC)CCO.[Cl-],-4.02828,-2.31109,-12.20551,1.21214,-9.18964,-4.22801,1.56555,-2.38187,-3.11549,6.15047,-0.34467,-8.92129,-1.05139,2.61995,-4.03547,2.54215,-2.25969,-4.31794,-1.80186,-10.47241,-13.24152,3.05470,-7.43035,-8.86587
Fructose,OC[C@@]1(O)OC[C@@H](O)[C@@H](O)[C@@H]1O,ChCl,C[N+](C)(C)CCO.[Cl-],-0.63591,-1.72974,-11.62297,3.60296,-8.43863,-6.78731,5.74815,-1.94240,1.34719,8.54801,-0.49990,-6.70093,1.50458,1.94286,-1.03978,6.71332,-1.53322,-6.21989,1.75058,-8.58721,-10.95675,4.28729,-7.60242,-7.64162
Furfuryl alcohol,OCc1ccco1,ChCl,C[N+](C)(C)CCO.[Cl-],-3.06782,-2.40662,-8.36355,1.88186,-4.12930,-6.11611,5.74815,-1.94240,1.34719,8.54801,-0.49990,-6.70093,-0.08610,3.87693,-0.27959,4.95694,-0.50587,-4.73066,-2.28378,-19.69152,-18.31746,2.92083,-12.79437,-8.44393
Gallic acid,O=C(O)c1cc(O)c(O)c(O)c1,ChCl,C[N+](C)(C)CCO.[Cl-],1.94892,1.91276,-2.58933,5.06043,-2.33478,-5.31498,5.74815,-1.94240,1.34719,8.54801,-0.49990,-6.70093,-0.19649,1.56909,-3.13552,5.42024,-2.51781,-6.03795,2.07868,-4.38456,-6.72463,4.67903,-4.94720,-6.45645
Glucose,OC[C@H]1O[C@H](O)[C@H](O)[C@@H](O)[C@@H]1O,ChCl,C[N+](C)(C)CCO.[Cl-],0.22651,-0.70350,-10.54517,3.94076,-7.85932,-6.62660,5.74815,-1.94240,1.34719,8.54801,-0.49990,-6.70093,1.35155,1.80709,-1.76367,6.54131,-1.94690,-6.35808,1.75076,-7.35947,-10.30082,4.21911,-7.13749,-7.38244
Glutamic acid,[NH3+][C@@H](CCC(=O)O)C(=O)[O-],ChCl,C[N+](C)(C)CCO.[Cl-],4.36728,-5.76791,-7.66186,4.98783,-6.56662,-6.08307,5.74815,-1.94240,1.34719,8.54801,-0.49990,-6.70093,6.00221,-2.82369,-1.01112,6.84818,-1.92712,-5.93217,3.80993,-4.82916,-5.01168,5.44237,-3.44573,-7.00831
Glutaric Acid,O=C(O)CCCC(=O)O,[N2222]Br,CC[N+](CC)(CC)CC.[Br-],-0.32308,0.49211,-7.57619,3.25501,-4.85078,-5.98043,5.56309,-0.46294,2.58609,10.65908,-0.08540,-7.98759,0.79212,3.53859,-0.40113,5.78555,-0.94341,-5.24327,-2.48273,-10.42087,-18.11163,4.47655,-12.90948,-9.67870
Glutaric Acid,O=C(O)CCCC(=O)O,ChCl,C[N+](C)(C)CCO.[Cl-],-0.32308,0.49211,-7.57619,3.25501,-4.85078,-5.98043,5.74815,-1.94240,1.34719,8.54801,-0.49990,-6.70093,0.98443,3.29050,-0.90556,6.00438,-1.34921,-5.56073,-0.70787,-10.69847,-16.41615,3.75217,-12.49743,-7.67089
Glycerol,OCC(O)CO,[Ch][OAc],CC(=O)[O-].C[N+](C)(C)CCO,-3.37513,-4.01331,-14.24965,2.13114,-11.18652,-5.19427,2.16770,-5.90016,-4.29572,6.28779,-1.54383,-9.03968,-1.75316,-0.88304,-7.82159,3.36085,-5.87467,-5.30778,-0.81521,-11.28182,-16.03474,4.00825,-11.15729,-8.88570
Glycerol,OCC(O)CO,[N3333]Br,CCC[N+](CCC)(CCC)CCC.[Br-],-3.37401,-4.01134,-14.24838,2.13135,-11.18551,-5.19422,4.53650,-1.62181,0.04983,11.35263,-0.10913,-11.19366,1.34619,3.22835,-0.64494,4.71432,-0.94149,-4.41777,-2.08276,-15.14499,-19.67789,5.85092,-12.07720,-13.45161
Glycerol,OCC(O)CO,[N4444]Br,CCCC[N+](CCCC)(CCCC)CCCC.[Br-],-3.37401,-4.01134,-14.24838,2.13135,-11.18551,-5.19422,0.63554,-7.20966,-7.30066,10.32388,-0.75329,-16.87125,-0.83101,0.19530,-5.83958,3.81404,-3.97091,-5.68271,-3.40018,-15.06743,-21.71285,6.49064,-12.15782,-16.04567
Glycerol,OCC(O)CO,[N4444]Cl,CCCC[N+](CCCC)(CCCC)CCCC.[Cl-],-3.37513,-4.01331,-14.24965,2.13114,-11.18652,-5.19427,0.74069,-9.75154,-7.15157,10.96627,-0.57698,-17.54086,-3.25577,-2.26001,-8.81884,3.88609,-6.83521,-5.86972,-5.09640,-17.15345,-27.45123,6.47660,-17.54021,-16.38761
Glycerol,OCC(O)CO,Benzyltriphenylphosphonium chloride,[Cl-].c1ccc(C[P+](c2ccccc2)(c2ccccc2)c2ccccc2)cc1,-3.37513,-4.01331,-14.24965,2.13114,-11.18652,-5.19427,3.35881,-3.55784,-2.61981,11.62126,-0.14014,-14.10093,1.66943,3.46880,-0.44619,4.50657,-0.78685,-4.16591,-4.65956,-20.79796,-25.13352,6.81314,-14.41028,-17.53638
Glycerol,OCC(O)CO,Betaine,C[N+](C)(C)CC(=O)[O-],-3.37513,-4.01331,-14.24965,2.13114,-11.18652,-5.19427,6.29354,-1.65929,2.49216,9.01748,-0.86390,-5.66142,0.33930,2.30603,-1.72163,5.21540,-2.41771,-4.51932,-1.16274,-13.82218,-19.50093,3.39663,-16.35307,-6.54450
Glycerol,OCC(O)CO,ChCl,C[N+](C)(C)CCO.[Cl-],-3.37513,-4.01331,-14.24965,2.13114,-11.18652,-5.19427,5.74815,-1.94240,1.34719,8.54801,-0.49990,-6.70093,1.35513,3.20076,-0.38173,5.08346,-1.11694,-4.34824,0.23761,-14.80943,-15.63094,3.84736,-11.37127,-8.10703
Glycerol,OCC(O)CO,Methyltriphenylphosphonium bromide,C[P+](c1ccccc1)(c1ccccc1)c1ccccc1.[Br-],-3.37513,-4.01331,-14.24965,2.13114,-11.18652,-5.19427,2.65088,-6.90471,-5.34739,10.36008,-0.57478,-15.13269,1.14673,2.56453,-2.45667,4.03192,-1.58315,-4.90544,-3.09312,-21.32328,-21.92105,6.08695,-12.49768,-15.51032
Glycerol,OCC(O)CO,"N,N-Diethylethanolammonium chloride",CC[NH+](CC)CCO.[Cl-],-3.37513,-4.01331,-14.24965,2.13114,-11.18652,-5.19427,1.56555,-2.38187,-3.11549,6.15047,-0.34467,-8.92129,-0.01765,0.91667,-4.39942,3.63742,-2.59260,-5.44424,0.05364,-7.25127,-9.95746,3.98931,-5.21735,-8.72942
Glycerol,OCC(O)CO,Phenformin,NC(N)=NC(N)=NCCc1ccccc1,-3.37401,-4.01134,-14.24838,2.13135,-11.18551,-5.19422,-0.14724,0.28635,-5.07187,5.40983,-0.94468,-9.53702,0.81615,1.87598,-3.56935,3.24879,-1.91852,-4.89962,-2.77228,-5.29109,-12.26558,3.86077,-5.36765,-10.75870
Glycerol,OCC(O)CO,Ranitidine,CN/C(=C\[N+](=O)[O-])NCCSCc1ccc(CN(C)C)o1,-3.37401,-4.01134,-14.24838,2.13135,-11.18551,-5.19422,-1.94500,-8.78768,-10.90565,7.41292,-1.35447,-16.96410,-0.99956,-0.86850,-7.45153,2.84472,-4.87594,-5.42031,-2.04109,-11.60489,-16.52172,6.38601,-6.65931,-16.24842
Glycerol,OCC(O)CO,Tetracycline,CN(C)[C@@H]1C(=O)C(C(N)=O)=C(O)[C@@]2(O)C(=O)C3=C(O)c4c(O)cccc4[C@@](C)(O)[C@H]3C[C@@H]12,-3.37401,-4.01134,-14.24838,2.13135,-11.18551,-5.19422,-0.36676,-4.40256,-8.67517,7.34936,-1.52956,-14.49497,1.06034,1.93367,-3.58823,3.26823,-2.19058,-4.66588,-3.03134,-12.34597,-18.10173,6.02859,-8.06895,-16.06138
Glycerol,OCC(O)CO,Ticlopidine,Clc1ccccc1CN1CCc2sccc2C1,-3.37401,-4.01134,-14.24838,2.13135,-11.18551,-5.19422,-5.78862,0.33141,-10.15789,3.13165,-0.00161,-13.28793,3.01546,3.05243,-1.55819,3.85809,-0.12574,-5.29054,-4.47053,-2.54547,-9.27488,4.17539,-0.24462,-13.20565
Glycolic Acid,O=C(O)CO,Betaine,C[N+](C)(C)CC(=O)[O-],-1.11199,-0.48022,-10.16195,1.83244,-8.42407,-3.57032,6.29354,-1.65929,2.49216,9.01748,-0.86390,-5.66142,-0.40483,2.17142,-2.78203,3.79602,-3.06679,-3.51127,-2.52661,-11.14903,-21.02677,3.02576,-17.88416,-6.16837
Glycolic Acid,O=C(O)CO,ChCl,C[N+](C)(C)CCO.[Cl-],-1.11199,-0.48022,-10.16195,1.83244,-8.42407,-3.57032,5.74815,-1.94240,1.34719,8.54801,-0.49990,-6.70093,0.86371,3.17657,-1.00766,3.77907,-1.36610,-3.42063,-1.16854,-11.99495,-17.44552,3.46696,-13.27155,-7.64093
Hexadecan-1-ol,CCCCCCCCCCCCCCCCO,[N1111]Cl,C[N+](C)(C)C.[Cl-],-10.05330,-2.93028,-18.91103,2.13648,-2.95604,-18.09147,6.86588,-1.05939,3.40280,9.76692,-0.47605,-5.88808,-0.87668,4.97835,1.38681,14.71870,-0.42548,-12.90641,4.80551,-9.54287,-15.12846,4.73051,-11.97499,-7.88398
Hexadecan-1-ol,CCCCCCCCCCCCCCCCO,[N4444]Cl,CCCC[N+](CCCC)(CCCC)CCCC.[Cl-],-10.05330,-2.93028,-18.91103,2.13648,-2.95604,-18.09147,0.74069,-9.75154,-7.15157,10.96627,-0.57698,-17.54086,-9.79656,-2.20594,-15.03026,5.68796,-2.55629,-18.16192,-3.20298,-13.41563,-26.85534,4.33107,-13.85952,-17.32690
Hexadecan-1-ol,CCCCCCCCCCCCCCCCO,ChCl,C[N+](C)(C)CCO.[Cl-],-10.05330,-2.93028,-18.91103,2.13648,-2.95604,-18.09147,5.74815,-1.94240,1.34719,8.54801,-0.49990,-6.70093,-0.40182,5.04126,-0.26051,13.74431,-0.41856,-13.58626,5.65394,-8.93800,-10.93616,5.62253,-7.88651,-8.67218
Hexanoic acid,CCCCCC(=O)O,Lidocaine,CCN(CC)CC(=O)Nc1c(C)cccc1C,-4.37490,-1.09401,-9.81233,1.87705,-3.93241,-7.75698,-3.47288,-3.59407,-10.56863,5.02057,-2.11413,-13.47507,-5.24741,0.01488,-11.14185,2.69763,-5.99625,-7.84323,-9.88746,-11.54654,-21.86743,3.05067,-11.59444,-13.32366
Hydroquinone ,Oc1ccc(O)cc1,ChCl,C[N+](C)(C)CCO.[Cl-],-0.17526,2.10480,-3.79646,3.52561,-1.68562,-5.63645,5.74815,-1.94240,1.34719,8.54801,-0.49990,-6.70093,-0.71985,3.00410,-1.74820,4.51352,-1.27158,-4.99015,0.73095,-7.04399,-11.12126,4.01126,-7.58635,-7.54617
Ibuprofen,CC(C)Cc1ccc(C(C)C(=O)O)cc1,ChCl,C[N+](C)(C)CCO.[Cl-],-4.59963,-1.03863,-10.81587,3.22439,-2.28308,-11.75718,5.74815,-1.94240,1.34719,8.54801,-0.49990,-6.70093,-0.39362,3.68633,-0.53690,9.40936,-0.66811,-9.27815,1.33184,-10.45705,-17.42447,4.21726,-13.27092,-8.37082
Imidazole,c1c[nH]cn1,[N4444]Br,CCCC[N+](CCCC)(CCCC)CCCC.[Br-],-0.65070,0.45207,-5.03867,2.22508,-2.74886,-4.51490,0.63554,-7.20966,-7.30066,10.32388,-0.75329,-16.87125,-0.70614,0.94239,-3.18909,2.85996,-1.40131,-4.64774,-1.14932,-9.53404,-12.92109,7.46399,-4.50660,-15.87847
Imidazole,c1c[nH]cn1,ChCl,C[N+](C)(C)CCO.[Cl-],-0.65070,0.45207,-5.03867,2.22508,-2.74886,-4.51490,5.74815,-1.94240,1.34719,8.54801,-0.49990,-6.70093,0.34954,3.27843,-0.17401,3.85609,-0.43063,-3.59947,1.84564,-9.71409,-8.21366,4.39413,-4.42980,-8.17798
Itaconic acid,C=C(CC(=O)O)C(=O)O,ChCl,C[N+](C)(C)CCO.[Cl-],0.69903,2.00781,-4.17654,3.62116,-2.59853,-5.19918,5.74815,-1.94240,1.34719,8.54801,-0.49990,-6.70093,0.46116,3.05373,-1.31163,5.33966,-1.45798,-5.19331,1.27865,-6.80578,-10.34872,4.40873,-7.57391,-7.18354
Ketoprofen,CC(C(=O)O)c1cccc(C(=O)c2ccccc2)c1,ChCl,C[N+](C)(C)CCO.[Cl-],-3.19452,-2.72973,-10.30333,4.53113,-2.32486,-12.50960,5.74815,-1.94240,1.34719,8.54801,-0.49990,-6.70093,0.32602,2.10854,-0.50046,10.17173,-0.73584,-9.93634,2.23065,-9.09220,-13.30067,4.51102,-9.65432,-8.15736
Lactic Acid,CC(O)C(=O)O,Alanine,CC([NH3+])C(=O)[O-],-2.61452,-0.99480,-10.10861,1.69775,-7.15568,-4.65068,4.60696,-1.35062,-1.54721,4.72464,-2.21929,-4.05256,1.90714,4.62803,-0.84457,4.58252,-1.61098,-3.81610,-5.41188,-16.89448,-24.77928,1.83651,-21.50007,-5.11572
Lactic Acid,CC(O)C(=O)O,Benzyltripropylammonium chloride,CCC[N+](CCC)(CCC)Cc1ccccc1.[Cl-],-2.61452,-0.99480,-10.10861,1.69775,-7.15568,-4.65068,3.23237,-4.39737,-3.66317,10.85054,-0.40549,-14.10822,-1.37336,2.68777,-4.39796,3.21028,-2.75871,-4.84953,-12.98349,-23.96594,-36.13548,4.22182,-25.74245,-14.61485
Lactic Acid,CC(O)C(=O)O,Betaine,C[N+](C)(C)CC(=O)[O-],-2.61452,-0.99480,-10.10861,1.69775,-7.15568,-4.65068,6.29354,-1.65929,2.49216,9.01748,-0.86390,-5.66142,-1.18803,3.06278,-2.60133,4.20813,-2.55921,-4.25024,-7.98404,-19.05448,-28.19695,2.28507,-24.02698,-6.45504
Lactic Acid,CC(O)C(=O)O,ChCl,C[N+](C)(C)CCO.[Cl-],-2.61452,-0.99480,-10.10861,1.69775,-7.15568,-4.65068,5.74815,-1.94240,1.34719,8.54801,-0.49990,-6.70093,-0.00627,3.93646,-0.93963,4.27336,-1.13742,-4.07558,-5.18652,-18.99296,-24.44211,2.63797,-19.09801,-7.98207
Lauric Acid,CCCCCCCCCCCC(=O)O,[N1111]Cl,C[N+](C)(C)C.[Cl-],-6.87543,-1.77641,-14.31811,2.51816,-3.12838,-13.70789,6.86588,-1.05939,3.40280,9.76692,-0.47605,-5.88808,-0.60559,4.65048,0.96886,11.69352,-0.66757,-10.05710,-1.31243,-14.11182,-25.23245,3.30981,-20.81037,-7.73189
Lauric Acid,CCCCCCCCCCCC(=O)O,[N2222]Cl,CC[N+](CC)(CC)CC.[Cl-],-6.87543,-1.77641,-14.31811,2.51816,-3.12838,-13.70789,6.00874,-1.84440,2.04399,11.15151,-0.16825,-8.93927,-3.34287,3.20478,-4.21411,8.28905,-1.03919,-11.46397,-4.12146,-14.83221,-28.54029,3.22877,-21.24170,-10.52736
Lauric Acid,CCCCCCCCCCCC(=O)O,[N3333]Cl,CCC[N+](CCC)(CCC)CCC.[Cl-],-6.87543,-1.77641,-14.31811,2.51816,-3.12838,-13.70789,4.50968,-2.69399,-0.77630,11.56310,-0.15778,-12.18162,-4.37569,2.51148,-6.65820,6.68772,-1.29512,-12.05080,-6.96558,-16.19149,-32.41435,3.29910,-21.91792,-13.79554
Lauric Acid,CCCCCCCCCCCC(=O)O,ChCl,C[N+](C)(C)CCO.[Cl-],-6.87543,-1.77641,-14.31811,2.51816,-3.12838,-13.70789,5.74815,-1.94240,1.34719,8.54801,-0.49990,-6.70093,-0.16499,4.68075,-0.32923,10.86491,-0.64641,-10.54772,0.99407,-12.49017,-20.11921,4.10186,-15.73577,-8.48530
Lauric Acid,CCCCCCCCCCCC(=O)O,Ibuprofen,CC(C)Cc1ccc(C(C)C(=O)O)cc1,-6.88834,-1.80040,-14.33607,2.51405,-3.13919,-13.71094,-4.59963,-1.03863,-10.81587,3.22439,-2.28308,-11.75718,-6.02885,-0.43188,-12.62038,3.20511,-2.45106,-13.37442,-5.13302,-2.24633,-12.18605,2.71422,-2.95187,-11.94841
Lauric Acid,CCCCCCCCCCCC(=O)O,Lidocaine,CCN(CC)CC(=O)Nc1c(C)cccc1C,-6.88834,-1.80040,-14.33607,2.51405,-3.13919,-13.71094,-3.47288,-3.59407,-10.56863,5.02057,-2.11413,-13.47507,-8.15912,-1.99590,-15.80345,3.81941,-5.97663,-13.64623,-7.22812,-6.98617,-20.32104,2.99958,-9.94671,-13.37391
Lauric Acid,CCCCCCCCCCCC(=O)O,Myristic Acid,CCCCCCCCCCCCCC(=O)O,-6.87543,-1.77641,-14.31811,2.51816,-3.12838,-13.70789,-7.76650,-2.18620,-15.75552,2.70166,-2.79808,-15.65911,-6.65332,-1.37532,-14.07108,2.50302,-2.86697,-13.70713,-7.99889,-2.61863,-15.98622,2.72983,-3.05508,-15.66097
Lauric Acid,CCCCCCCCCCCC(=O)O,Palmitic Acid,CCCCCCCCCCCCCCCC(=O)O,-6.87543,-1.77641,-14.31811,2.51816,-3.12838,-13.70789,-8.64770,-2.54582,-17.25203,2.87898,-2.52950,-17.60151,-6.42786,-0.98766,-13.77810,2.50837,-2.59913,-13.68734,-9.14356,-3.46252,-17.74192,2.93600,-3.04612,-17.63180
Lauric Acid,CCCCCCCCCCCC(=O)O,Propranolol,CC(C)NCC(O)COc1cccc2ccccc12,-6.88834,-1.80040,-14.33607,2.51405,-3.13919,-13.71094,-4.33247,-2.29089,-11.86701,4.67720,-2.46715,-14.07706,-5.89972,0.01797,-12.41595,3.72606,-2.83503,-13.30698,-6.17551,-5.07866,-17.40422,3.39605,-6.55902,-14.24125
Lauric Acid,CCCCCCCCCCCC(=O)O,Stearic Acid,CCCCCCCCCCCCCCCCCC(=O)O,-6.87543,-1.77641,-14.31811,2.51816,-3.12838,-13.70789,-9.57177,-2.97100,-18.86722,3.02143,-2.36476,-19.52390,-6.26269,-0.71633,-13.55066,2.50785,-2.38482,-13.67369,-10.29217,-4.29366,-19.55620,3.12943,-3.10493,-19.58070
Lauric Acid,CCCCCCCCCCCC(=O)O,Thymol,Cc1ccc(C(C)C)c(O)c1,-6.87543,-1.77641,-14.31811,2.51816,-3.12838,-13.70789,-4.29055,-0.07277,-7.80905,2.63511,-0.82965,-9.61451,-7.08484,-1.75658,-13.71642,3.10853,-3.12349,-13.70146,-4.64696,-0.45024,-9.08333,2.05847,-1.63885,-9.50295
Levulinic acid,CC(=O)CCC(=O)O,ChCl,C[N+](C)(C)CCO.[Cl-],-1.29192,-2.02368,-7.62150,2.96024,-4.51407,-6.06767,5.74815,-1.94240,1.34719,8.54801,-0.49990,-6.70093,1.30370,3.16493,0.01168,5.89431,-0.77106,-5.11157,-1.37794,-14.90231,-19.20747,3.66834,-14.84363,-8.03218
Lidocaine,CCN(CC)CC(=O)Nc1c(C)cccc1C,DL-camphor,CC12CCC(CC1=O)C2(C)C,-3.47288,-3.59407,-10.56863,5.02057,-2.11413,-13.47507,-3.00457,2.35763,-4.86115,3.06431,0.00000,-7.92546,-1.41706,-0.08124,-6.61318,5.67181,-0.16573,-12.11927,-3.35901,0.69967,-5.97032,2.94003,-0.14042,-8.76993
Lidocaine,CCN(CC)CC(=O)Nc1c(C)cccc1C,Ibuprofen,CC(C)Cc1ccc(C(C)C(=O)O)cc1,-3.47288,-3.59407,-10.56863,5.02057,-2.11413,-13.47507,-4.59963,-1.03863,-10.81587,3.22439,-2.28308,-11.75718,-6.30425,-5.08245,-18.37300,3.54080,-8.72044,-13.19336,-7.10797,-2.86130,-14.51280,3.77356,-6.27331,-12.01305
Lidocaine,CCN(CC)CC(=O)Nc1c(C)cccc1C,Stearic Acid,CCCCCCCCCCCCCCCCCC(=O)O,-3.47288,-3.59407,-10.56863,5.02057,-2.11413,-13.47507,-9.57177,-2.97100,-18.86722,3.02143,-2.36476,-19.52390,-5.78342,-4.97348,-18.86748,3.04576,-8.60805,-13.30518,-11.06538,-4.01162,-20.44504,4.93758,-5.93251,-19.45011
Lidocaine,CCN(CC)CC(=O)Nc1c(C)cccc1C,Tetracaine,CCCCNc1ccc(C(=O)OCCN(C)C)cc1,-3.47288,-3.59407,-10.56863,5.02057,-2.11413,-13.47507,-4.53888,-1.21477,-10.26537,4.89781,-0.26290,-14.90028,-1.98802,-0.82636,-8.21979,5.00017,-0.64822,-12.57173,-5.74161,-3.89282,-11.87797,5.11051,-0.99891,-15.98958
Limonene,C=C(C)[C@@H]1CC=C(C)CC1,Capric Acid,CCCCCCCCCC(=O)O,-7.12380,-3.56655,-8.74154,1.22636,0.00000,-9.96789,-6.03283,-1.49128,-12.87620,2.30882,-3.42315,-11.76187,-5.89047,0.95152,-7.95774,1.56502,-0.00345,-9.51932,-5.95997,-5.87151,-9.96023,2.48923,-0.05778,-12.39168
Limonene,C=C(C)[C@@H]1CC=C(C)CC1,Myristic Acid,CCCCCCCCCCCCCC(=O)O,-7.12380,-3.56655,-8.74154,1.22636,0.00000,-9.96789,-7.76650,-2.18620,-15.75552,2.70166,-2.79808,-15.65911,-5.88719,1.35890,-8.05090,1.45269,-0.00347,-9.50013,-8.96443,-9.34421,-13.72337,2.77935,-0.05696,-16.44577
Linoleic acid,CCCCC/C=C\C/C=C\CCCCCCCC(=O)O,Lidocaine,CCN(CC)CC(=O)Nc1c(C)cccc1C,-9.63538,-6.65979,-18.13472,3.00717,-3.65999,-17.48190,-3.47288,-3.59407,-10.56863,5.02057,-2.11413,-13.47507,-9.35786,-3.50059,-18.21503,4.80229,-5.93742,-17.07990,-9.97446,-11.88845,-22.44228,2.69975,-11.48921,-13.65282
Malic Acid,O=C(O)CC(O)C(=O)O,Alanine,CC([NH3+])C(=O)[O-],0.92721,-0.09511,-8.90831,3.28233,-7.63070,-4.55994,4.60696,-1.35062,-1.54721,4.72464,-2.21929,-4.05256,3.15014,2.79752,-2.20407,5.45866,-3.08493,-4.57780,0.04044,-7.21171,-14.43141,2.76160,-12.57144,-4.62156
Malic Acid,O=C(O)CC(O)C(=O)O,Betaine,C[N+](C)(C)CC(=O)[O-],0.92721,-0.09511,-8.90831,3.28233,-7.63070,-4.55994,6.29354,-1.65929,2.49216,9.01748,-0.86390,-5.66142,-0.74781,0.69166,-4.99923,5.04052,-4.97494,-5.06481,-1.58434,-8.24868,-16.90397,3.16108,-14.23157,-5.83349
Malic Acid,O=C(O)CC(O)C(=O)O,ChCl,C[N+](C)(C)CCO.[Cl-],0.92721,-0.09511,-8.90831,3.28233,-7.63070,-4.55994,5.74815,-1.94240,1.34719,8.54801,-0.49990,-6.70093,1.52275,2.23939,-1.99878,5.14634,-2.19639,-4.94874,-0.74108,-9.26094,-14.36969,3.67912,-10.80239,-7.24642
Malonic Acid,O=C(O)CC(=O)O,ChCl,C[N+](C)(C)CCO.[Cl-],0.97695,2.13367,-3.95896,2.88752,-3.32685,-3.51964,5.74815,-1.94240,1.34719,8.54801,-0.49990,-6.70093,0.26805,3.27873,-1.64661,4.06652,-1.63900,-4.07413,-2.36885,-10.00853,-15.83281,3.34147,-12.00253,-7.17175
Mannose,OC[C@H]1O[C@H](O)[C@@H](O)[C@@H](O)[C@@H]1O,ChCl,C[N+](C)(C)CCO.[Cl-],0.02812,-1.75573,-13.31233,3.84034,-10.41814,-6.73453,5.74815,-1.94240,1.34719,8.54801,-0.49990,-6.70093,1.93262,1.53241,-1.93828,6.55013,-2.17740,-6.31101,1.46611,-7.96842,-11.36010,4.09601,-7.96230,-7.49381
Menthol,CC(C)[C@@H]1CC[C@@H](C)C[C@H]1O,Betaine,C[N+](C)(C)CC(=O)[O-],-5.94429,-0.46225,-10.80443,1.58066,-2.22004,-10.16505,6.29354,-1.65929,2.49216,9.01748,-0.86390,-5.66142,-2.30037,3.95174,-1.54758,7.37773,-0.68452,-8.24079,2.86611,-9.48195,-16.02979,4.05820,-13.06593,-7.02207
Menthol,CC(C)[C@@H]1CC[C@@H](C)C[C@H]1O,ChCl,C[N+](C)(C)CCO.[Cl-],-5.94429,-0.46225,-10.80443,1.58066,-2.22004,-10.16505,5.74815,-1.94240,1.34719,8.54801,-0.49990,-6.70093,-1.13093,4.72235,-0.22926,7.76898,-0.32107,-7.67717,4.21194,-10.43371,-12.31184,4.97220,-8.64381,-8.64024
Menthol,CC(C)[C@@H]1CC[C@@H](C)C[C@H]1O,Hexadecan-1-ol,CCCCCCCCCCCCCCCCO,-5.94429,-0.46225,-10.80443,1.58066,-2.22004,-10.16505,-10.05330,-2.93028,-18.91103,2.13648,-2.95604,-18.09147,-5.79952,-0.14171,-10.72019,1.48550,-2.01735,-10.18834,-10.31784,-3.42089,-18.87266,2.38194,-3.20580,-18.04881
Menthol,CC(C)[C@@H]1CC[C@@H](C)C[C@H]1O,Hydroquinone ,Oc1ccc(O)cc1,-5.94429,-0.46225,-10.80443,1.58066,-2.22004,-10.16505,-0.17526,2.10480,-3.79646,3.52561,-1.68562,-5.63645,-3.47485,2.91776,-5.81886,4.13315,-1.31210,-8.63991,-2.28305,-1.36211,-10.55211,2.19307,-6.40199,-6.34320
Menthol,CC(C)[C@@H]1CC[C@@H](C)C[C@H]1O,Ibuprofen,CC(C)Cc1ccc(C(C)C(=O)O)cc1,-5.94429,-0.46225,-10.80443,1.58066,-2.22004,-10.16505,-4.59963,-1.03863,-10.81587,3.22439,-2.28308,-11.75718,-5.49340,0.57319,-9.80228,2.16338,-2.20685,-9.75881,-5.50452,-2.57287,-13.26732,2.61201,-3.73899,-12.14033
Menthol,CC(C)[C@@H]1CC[C@@H](C)C[C@H]1O,Lauric Acid,CCCCCCCCCCCC(=O)O,-5.94429,-0.46225,-10.80443,1.58066,-2.22004,-10.16505,-6.87543,-1.77641,-14.31811,2.51816,-3.12838,-13.70789,-6.10180,-0.50324,-11.10758,1.65116,-2.74685,-10.01188,-7.24255,-2.11160,-15.24430,2.39972,-3.70620,-13.93782
Menthol,CC(C)[C@@H]1CC[C@@H](C)C[C@H]1O,Myristic Acid,CCCCCCCCCCCCCC(=O)O,-5.94429,-0.46225,-10.80443,1.58066,-2.22004,-10.16505,-7.76650,-2.18620,-15.75552,2.70166,-2.79808,-15.65911,-5.97423,-0.20233,-10.92114,1.63359,-2.54523,-10.00950,-8.41766,-2.99746,-17.03365,2.58082,-3.69464,-15.91983
Menthol,CC(C)[C@@H]1CC[C@@H](C)C[C@H]1O,Octadecan-1-ol,CCCCCCCCCCCCCCCCCCO,-5.94429,-0.46225,-10.80443,1.58066,-2.22004,-10.16505,-10.96159,-3.33138,-20.45348,2.27490,-2.70342,-20.02496,-5.67810,0.11831,-10.49345,1.49791,-1.83075,-10.16061,-11.48437,-4.29084,-20.68006,2.56185,-3.20713,-20.03478
Menthol,CC(C)[C@@H]1CC[C@@H](C)C[C@H]1O,Palmitic Acid,CCCCCCCCCCCCCCCC(=O)O,-5.94429,-0.46225,-10.80443,1.58066,-2.22004,-10.16505,-8.64770,-2.54582,-17.25203,2.87898,-2.52950,-17.60151,-5.82974,0.09867,-10.67790,1.62994,-2.31436,-9.99348,-9.59531,-3.87205,-18.85144,2.76147,-3.69307,-17.91985
Menthol,CC(C)[C@@H]1CC[C@@H](C)C[C@H]1O,Phenylpropionic Acid,O=C(O)CCc1ccccc1,-5.94429,-0.46225,-10.80443,1.58066,-2.22004,-10.16505,-3.15885,-0.67610,-8.37747,2.78284,-2.60445,-8.55585,-5.63963,-0.10546,-10.11004,2.52464,-2.91691,-9.71777,-3.25242,-0.89804,-9.86706,2.41423,-3.57202,-8.70926
Menthol,CC(C)[C@@H]1CC[C@@H](C)C[C@H]1O,Salicylic Acid,O=C(O)c1ccccc1O,-5.94429,-0.46225,-10.80443,1.58066,-2.22004,-10.16505,-1.88100,2.51430,-4.26877,2.72581,-0.80442,-6.19016,-4.57290,2.23929,-7.15291,2.83088,-1.38354,-8.60025,-3.63133,-0.34773,-9.33637,1.70227,-3.95264,-7.08600
Menthol,CC(C)[C@@H]1CC[C@@H](C)C[C@H]1O,Stearic Acid,CCCCCCCCCCCCCCCCCC(=O)O,-5.94429,-0.46225,-10.80443,1.58066,-2.22004,-10.16505,-9.57177,-2.97100,-18.86722,3.02143,-2.36476,-19.52390,-5.70941,0.31865,-10.45020,1.62387,-2.09211,-9.98197,-10.74372,-4.71070,-20.63453,2.93532,-3.67270,-19.89716
Menthol,CC(C)[C@@H]1CC[C@@H](C)C[C@H]1O,Testosterone,C[C@]12CC[C@H]3[C@@H](CCC4=CC(=O)CC[C@@]43C)[C@@H]1CC[C@@H]2O,-5.94429,-0.46225,-10.80443,1.58066,-2.22004,-10.16505,-2.88880,-1.76349,-8.61386,5.49967,-1.07820,-13.03532,-4.70433,2.08329,-7.16604,2.87167,-0.73486,-9.30286,-5.15140,-6.35896,-15.41593,3.29907,-4.45989,-14.25511
Menthol,CC(C)[C@@H]1CC[C@@H](C)C[C@H]1O,Thymol,Cc1ccc(C(C)C)c(O)c1,-5.94429,-0.46225,-10.80443,1.58066,-2.22004,-10.16505,-4.29055,-0.07277,-7.80905,2.63511,-0.82965,-9.61451,-6.46403,-0.61028,-10.88345,2.09026,-2.99449,-9.97922,-5.09364,-0.82847,-10.54609,1.91151,-2.81805,-9.63955
Myristic Acid,CCCCCCCCCCCCCC(=O)O,[N1111]Cl,C[N+](C)(C)C.[Cl-],-7.76650,-2.18620,-15.75552,2.70166,-2.79808,-15.65911,6.86588,-1.05939,3.40280,9.76692,-0.47605,-5.88808,-0.63987,4.60255,1.09270,13.22686,-0.67115,-11.46301,-0.50035,-12.95807,-24.37435,3.44150,-20.07669,-7.73916
Myristic Acid,CCCCCCCCCCCCCC(=O)O,[N2222]Cl,CC[N+](CC)(CC)CC.[Cl-],-7.76650,-2.18620,-15.75552,2.70166,-2.79808,-15.65911,6.00874,-1.84440,2.04399,11.15151,-0.16825,-8.93927,-3.79511,2.97932,-4.81338,9.30266,-1.04608,-13.06995,-3.35374,-13.68717,-27.73797,3.28772,-20.49745,-10.52824
Myristic Acid,CCCCCCCCCCCCCC(=O)O,[N3333]Cl,CCC[N+](CCC)(CCC)CCC.[Cl-],-7.76650,-2.18620,-15.75552,2.70166,-2.79808,-15.65911,4.50968,-2.69399,-0.77630,11.56310,-0.15778,-12.18162,-4.99474,2.19865,-7.59243,7.45375,-1.30411,-13.74207,-6.17637,-14.99261,-31.63543,3.31724,-21.15942,-13.79325
Myristic Acid,CCCCCCCCCCCCCC(=O)O,[N4444]Cl,CCCC[N+](CCCC)(CCCC)CCCC.[Cl-],-7.76650,-2.18620,-15.75552,2.70166,-2.79808,-15.65911,0.74069,-9.75154,-7.15157,10.96627,-0.57698,-17.54086,-9.10973,-2.58956,-14.71366,5.41324,-4.03280,-16.09410,-8.90903,-17.06749,-36.68172,3.43440,-23.09370,-17.02242
Myristic Acid,CCCCCCCCCCCCCC(=O)O,ChCl,C[N+](C)(C)CCO.[Cl-],-7.76650,-2.18620,-15.75552,2.70166,-2.79808,-15.65911,5.74815,-1.94240,1.34719,8.54801,-0.49990,-6.70093,-0.14631,4.64997,-0.37170,12.30909,-0.64960,-12.03119,1.66086,-11.48063,-19.23453,4.28102,-15.01957,-8.49598
Myristic Acid,CCCCCCCCCCCCCC(=O)O,Palmitic Acid,CCCCCCCCCCCCCCCC(=O)O,-7.76650,-2.18620,-15.75552,2.70166,-2.79808,-15.65911,-8.64770,-2.54582,-17.25203,2.87898,-2.52950,-17.60151,-7.52888,-1.76705,-15.47669,2.69592,-2.53704,-15.63557,-8.89967,-2.99790,-17.52335,2.89513,-2.78966,-17.62882
"N-Benzyl-2-hydroxy-N,N-dimethylethanaminium chloride",C[N+](C)(CCO)Cc1ccccc1.[Cl-],Urea,NC(N)=O,1.81373,-10.15042,-6.29242,7.76377,-1.81706,-12.23912,0.54428,0.55221,-4.72317,2.17601,-3.56890,-3.33028,2.37474,-7.55898,-8.13419,6.64693,-4.15750,-10.62363,-0.54319,-1.11033,-5.00617,2.27052,-3.15079,-4.12590
o-Cresol,Cc1ccccc1O,ChCl,C[N+](C)(C)CCO.[Cl-],-2.96534,0.48042,-5.93929,2.31259,-1.15791,-7.09397,5.74815,-1.94240,1.34719,8.54801,-0.49990,-6.70093,-1.35731,4.13972,-0.97564,5.06838,-0.62945,-5.41457,-8.31585,-20.02907,-26.34903,2.68011,-20.42343,-8.60572
Octadecan-1-ol,CCCCCCCCCCCCCCCCCCO,[N1111]Cl,C[N+](C)(C)C.[Cl-],-10.96159,-3.33138,-20.45348,2.27490,-2.70342,-20.02496,6.86588,-1.05939,3.40280,9.76692,-0.47605,-5.88808,-0.88714,4.94403,1.52732,16.26723,-0.42530,-14.31460,5.37780,-8.74683,-14.08948,4.95115,-11.17093,-7.86971
Octadecan-1-ol,CCCCCCCCCCCCCCCCCCO,[N4444]Cl,CCCC[N+](CCCC)(CCCC)CCCC.[Cl-],-10.96159,-3.33138,-20.45348,2.27490,-2.70342,-20.02496,0.74069,-9.75154,-7.15157,10.96627,-0.57698,-17.54086,-10.75477,-2.86920,-16.49390,6.20995,-2.55625,-20.14759,-2.53634,-12.45875,-25.75251,4.49379,-12.96752,-17.27879
Octadecan-1-ol,CCCCCCCCCCCCCCCCCCO,Betaine,C[N+](C)(C)CC(=O)[O-],-10.96159,-3.33138,-20.45348,2.27490,-2.70342,-20.02496,6.29354,-1.65929,2.49216,9.01748,-0.86390,-5.66142,-2.93195,3.69549,-2.86001,14.26303,-0.90170,-16.22134,4.74058,-7.34975,-14.64142,4.57585,-12.17779,-7.03948
Octadecan-1-ol,CCCCCCCCCCCCCCCCCCO,ChCl,C[N+](C)(C)CCO.[Cl-],-10.96159,-3.33138,-20.45348,2.27490,-2.70342,-20.02496,5.74815,-1.94240,1.34719,8.54801,-0.49990,-6.70093,-0.36171,5.02399,-0.28843,15.20225,-0.41839,-15.07229,6.08499,-8.25012,-10.06817,5.83702,-7.24809,-8.65710
Oleic acid,CCCCCCCC/C=C\CCCCCCCC(=O)O,Capric Acid,CCCCCCCCCC(=O)O,-10.11596,-5.89511,-19.35945,3.17089,-3.25115,-19.27919,-6.03283,-1.49128,-12.87620,2.30882,-3.42315,-11.76187,-9.60078,-4.88035,-18.75362,3.44463,-3.24943,-18.94882,-6.35891,-2.18354,-13.27987,2.14227,-3.44163,-11.98051
Oleic acid,CCCCCCCC/C=C\CCCCCCCC(=O)O,Lidocaine,CCN(CC)CC(=O)Nc1c(C)cccc1C,-10.11596,-5.89511,-19.35945,3.17089,-3.25115,-19.27919,-3.47288,-3.59407,-10.56863,5.02057,-2.11413,-13.47507,-10.32093,-4.08437,-19.75371,5.09501,-5.97061,-18.87810,-8.72570,-9.43807,-21.76910,2.77205,-10.93236,-13.60879
Oxalic Acid,O=C(O)C(=O)O,ChCl,C[N+](C)(C)CCO.[Cl-],1.94540,3.11221,-1.31321,3.22075,-2.15626,-2.37771,5.74815,-1.94240,1.34719,8.54801,-0.49990,-6.70093,0.02143,3.14724,-2.07487,3.27007,-1.94085,-3.40408,-2.08699,-7.86397,-12.43462,3.75910,-9.56283,-6.63090
Palmitic Acid,CCCCCCCCCCCCCCCC(=O)O,[N1111]Cl,C[N+](C)(C)C.[Cl-],-8.64770,-2.54582,-17.25203,2.87898,-2.52950,-17.60151,6.86588,-1.05939,3.40280,9.76692,-0.47605,-5.88808,-0.65542,4.56801,1.23177,14.78437,-0.67122,-12.88137,0.49328,-11.73492,-23.18230,3.61649,-19.06367,-7.73511
Palmitic Acid,CCCCCCCCCCCCCCCC(=O)O,[N2222]Cl,CC[N+](CC)(CC)CC.[Cl-],-8.64770,-2.54582,-17.25203,2.87898,-2.52950,-17.60151,6.00874,-1.84440,2.04399,11.15151,-0.16825,-8.93927,-4.23279,2.76746,-5.40144,10.33527,-1.04646,-14.69025,-2.38045,-12.45601,-26.56314,3.40388,-19.45255,-10.51447
Palmitic Acid,CCCCCCCCCCCCCCCC(=O)O,[N3333]Cl,CCC[N+](CCC)(CCC)CCC.[Cl-],-8.64770,-2.54582,-17.25203,2.87898,-2.52950,-17.60151,4.50968,-2.69399,-0.77630,11.56310,-0.15778,-12.18162,-5.60116,1.89947,-8.51728,8.23587,-1.30470,-15.44846,-5.17049,-13.70231,-30.47392,3.39817,-20.09997,-13.77212
Palmitic Acid,CCCCCCCCCCCCCCCC(=O)O,[N4444]Cl,CCCC[N+](CCCC)(CCCC)CCCC.[Cl-],-8.64770,-2.54582,-17.25203,2.87898,-2.52950,-17.60151,0.74069,-9.75154,-7.15157,10.96627,-0.57698,-17.54086,-10.08014,-3.25774,-16.19049,5.93731,-4.03389,-18.09391,-7.80256,-15.65155,-35.47983,3.49295,-21.97824,-16.99455
Palmitic Acid,CCCCCCCCCCCCCCCC(=O)O,ChCl,C[N+](C)(C)CCO.[Cl-],-8.64770,-2.54582,-17.25203,2.87898,-2.52950,-17.60151,5.74815,-1.94240,1.34719,8.54801,-0.49990,-6.70093,-0.11035,4.63281,-0.40206,13.77540,-0.64962,-13.52784,2.46696,-10.42216,-17.97610,4.51102,-13.99338,-8.49375
Palmitic Acid,CCCCCCCCCCCCCCCC(=O)O,Ibuprofen,CC(C)Cc1ccc(C(C)C(=O)O)cc1,-8.64770,-2.54582,-17.25203,2.87898,-2.52950,-17.60151,-4.59963,-1.03863,-10.81587,3.22439,-2.28308,-11.75718,-8.02293,-1.78876,-15.72822,3.83897,-2.38571,-17.18148,-4.64874,-1.39186,-11.61355,2.74260,-2.43603,-11.92012
Palmitic Acid,CCCCCCCCCCCCCCCC(=O)O,Stearic Acid,CCCCCCCCCCCCCCCCCC(=O)O,-8.64770,-2.54582,-17.25203,2.87898,-2.52950,-17.60151,-9.57177,-2.97100,-18.86722,3.02143,-2.36476,-19.52390,-8.46419,-2.23005,-17.04962,2.85764,-2.32477,-17.58248,-9.76879,-3.31146,-19.07267,3.05126,-2.57831,-19.54561
Paracetamol,CC(=O)Nc1ccc(O)cc1,ChCl,C[N+](C)(C)CCO.[Cl-],-0.22130,0.64336,-5.78146,4.24147,-2.21457,-7.80836,5.74815,-1.94240,1.34719,8.54801,-0.49990,-6.70093,0.50323,2.38444,-0.98823,6.63247,-0.96576,-6.65494,3.21674,-5.89490,-7.33152,4.95308,-4.64237,-7.64223
p-Coumaric acid,O=C(O)/C=C/c1ccc(O)cc1,ChCl,C[N+](C)(C)CCO.[Cl-],0.12956,1.67185,-4.45970,4.63927,-1.70195,-7.39702,5.74815,-1.94240,1.34719,8.54801,-0.49990,-6.70093,-0.05541,2.38066,-1.69567,6.67406,-1.42712,-6.94260,3.47061,-4.49752,-6.52255,5.11345,-4.57356,-7.06245
Pelargonic Acid,CCCCCCCCC(=O)O,Lauric Acid,CCCCCCCCCCCC(=O)O,-5.78211,-1.82745,-12.19927,2.17619,-3.56682,-10.80864,-6.87543,-1.77641,-14.31811,2.51816,-3.12838,-13.70789,-5.09837,-0.48208,-11.48161,2.24721,-2.95936,-10.76946,-7.65153,-3.33622,-15.07065,2.48313,-3.79426,-13.75952
Phenol,Oc1ccccc1,ChCl,C[N+](C)(C)CCO.[Cl-],-2.38593,0.83465,-5.84313,2.20118,-1.83652,-6.20780,5.74815,-1.94240,1.34719,8.54801,-0.49990,-6.70093,-1.18106,4.06875,-0.94811,4.46122,-0.65676,-4.75257,-6.58585,-17.97030,-24.97517,2.71719,-19.17368,-8.51868
Phenyl salicylate,O=C(Oc1ccccc1)c1ccccc1O,Lidocaine,CCN(CC)CC(=O)Nc1c(C)cccc1C,-4.57656,-1.21572,-7.87657,3.60722,-0.07688,-11.40692,-2.76871,-2.89273,-8.69660,4.65555,-0.16601,-13.18613,-4.73239,-1.11076,-8.22554,3.05822,-0.01674,-11.26702,-3.47288,-3.59407,-10.56863,5.02057,-2.11413,-13.47507
Phenylacetic Acid,O=C(O)Cc1ccccc1,ChCl,C[N+](C)(C)CCO.[Cl-],-1.97273,-0.05073,-7.22502,3.08719,-2.63205,-7.68016,5.74815,-1.94240,1.34719,8.54801,-0.49990,-6.70093,-0.00531,3.44851,-0.49386,6.36145,-0.69733,-6.15798,-0.07534,-11.37648,-17.41800,3.81980,-13.01787,-8.21993
Phenylpropionic Acid,O=C(O)CCc1ccccc1,ChCl,C[N+](C)(C)CCO.[Cl-],-3.15885,-0.67610,-8.37747,2.78284,-2.60445,-8.55585,5.74815,-1.94240,1.34719,8.54801,-0.49990,-6.70093,-0.48706,3.71105,-0.61824,6.76592,-0.66301,-6.72114,-2.30792,-14.51994,-21.91978,3.24656,-16.78785,-8.37849
Pimelic Acid,O=C(O)CCCCCC(=O)O,[N2222]Br,CC[N+](CC)(CC)CC.[Br-],-1.06667,-0.15393,-9.09953,3.86405,-4.90298,-8.06060,5.56309,-0.46294,2.58609,10.65908,-0.08540,-7.98759,0.66672,3.40365,-0.48257,7.04437,-0.91023,-6.61671,-1.74740,-10.11157,-17.88833,4.56450,-12.55579,-9.89704
Pimelic Acid,O=C(O)CCCCCC(=O)O,[N3333]Br,CCC[N+](CCC)(CCC)CCC.[Br-],-1.06667,-0.15393,-9.09953,3.86405,-4.90298,-8.06060,4.53650,-1.62181,0.04983,11.35263,-0.10913,-11.19366,0.29721,2.96358,-2.17677,6.18246,-1.17359,-7.18564,-3.38701,-11.30781,-20.87398,5.49305,-13.41362,-12.95341
Prilocaine,CCCNC(C)C(=O)Nc1ccccc1C,Lidocaine,CCN(CC)CC(=O)Nc1c(C)cccc1C,-5.14765,-3.42898,-9.38229,3.90368,-0.19616,-13.08980,-3.47288,-3.59407,-10.56863,5.02057,-2.11413,-13.47507,-4.52146,-2.09959,-9.04373,4.31202,-0.36828,-12.98747,-3.68148,-4.77684,-9.85661,4.71858,-0.98287,-13.59233
Propionic acid,CCC(=O)O,[N4444]Br,CCCC[N+](CCCC)(CCCC)CCCC.[Br-],-3.04192,-0.45072,-7.63881,1.45694,-4.36704,-4.72870,0.63554,-7.20966,-7.30066,10.32388,-0.75329,-16.87125,-2.43664,2.50272,-4.87639,2.57404,-2.41421,-5.03622,-12.77284,-26.60046,-34.72837,4.05714,-22.70149,-16.08402
Propionic acid,CCC(=O)O,Betaine,C[N+](C)(C)CC(=O)[O-],-3.04192,-0.45072,-7.63881,1.45694,-4.36704,-4.72870,6.29354,-1.65929,2.49216,9.01748,-0.86390,-5.66142,-1.12890,4.11829,-1.44701,4.12641,-1.50300,-4.07042,-9.59851,-24.34761,-29.31599,2.30268,-25.00838,-6.61029
Propylene glycol,CC(O)CO,Betaine,C[N+](C)(C)CC(=O)[O-],-5.21067,-6.09191,-14.24322,1.77447,-10.76612,-5.25158,6.29354,-1.65929,2.49216,9.01748,-0.86390,-5.66142,0.18918,3.21346,-1.25541,4.99268,-1.89346,-4.35462,-2.13443,-19.44678,-20.11003,3.24033,-16.58399,-6.76636
Ranitidine,CN/C(=C\[N+](=O)[O-])NCCSCc1ccc(CN(C)C)o1,Acetylsalicylic Acid,CC(=O)Oc1ccccc1C(=O)O,-1.94500,-8.78768,-10.90565,7.41292,-1.35447,-16.96410,-1.50625,0.82932,-5.78182,3.69230,-1.32094,-8.15319,-1.53540,-5.84542,-12.55471,7.00328,-4.01167,-15.54632,-3.53822,-1.74757,-8.97122,3.50700,-3.38021,-9.09801
Ranitidine,CN/C(=C\[N+](=O)[O-])NCCSCc1ccc(CN(C)C)o1,Urea,NC(N)=O,-1.94500,-8.78768,-10.90565,7.41292,-1.35447,-16.96410,0.54428,0.55221,-4.72317,2.17601,-3.56890,-3.33028,2.69413,-3.82420,-8.04637,9.61976,-2.84344,-14.82269,0.68688,-0.54219,-4.30782,2.30327,-2.78528,-3.82582
Resorcinol,Oc1cccc(O)c1,ChCl,C[N+](C)(C)CCO.[Cl-],-0.63100,0.87788,-5.24817,3.27636,-2.55193,-5.97260,5.74815,-1.94240,1.34719,8.54801,-0.49990,-6.70093,-0.85637,2.83731,-1.98048,4.37103,-1.37571,-4.97580,-3.44163,-11.72613,-18.72792,3.00260,-13.70912,-8.02140
Salicylic Acid,O=C(O)c1ccccc1O,Betaine,C[N+](C)(C)CC(=O)[O-],-1.88100,2.51430,-4.26877,2.72581,-0.80442,-6.19016,6.29354,-1.65929,2.49216,9.01748,-0.86390,-5.66142,-2.53229,2.94008,-2.55210,5.06067,-1.77446,-5.83831,0.81532,-6.05759,-15.04337,3.47990,-12.41423,-6.10904
Salicylic Acid,O=C(O)c1ccccc1O,ChCl,C[N+](C)(C)CCO.[Cl-],-1.88100,2.51430,-4.26877,2.72581,-0.80442,-6.19016,5.74815,-1.94240,1.34719,8.54801,-0.49990,-6.70093,-1.26436,3.85991,-0.95868,5.31503,-0.77241,-5.50130,1.87699,-6.89417,-12.02162,4.36832,-8.85646,-7.53347
Sorbitol,OC[C@H](O)[C@@H](O)[C@H](O)[C@H](O)CO,[N3333]Br,CCC[N+](CCC)(CCC)CCC.[Br-],-1.08023,-3.30411,-15.63639,3.57222,-11.95618,-7.25243,4.53650,-1.62181,0.04983,11.35263,-0.10913,-11.19366,2.55703,1.85607,-1.66802,6.74408,-1.63525,-6.77685,-0.98367,-9.95924,-16.67089,6.05737,-10.05246,-12.67580
Sorbitol,OC[C@H](O)[C@@H](O)[C@H](O)[C@H](O)CO,[N4444]Br,CCCC[N+](CCCC)(CCCC)CCCC.[Br-],-1.08023,-3.30411,-15.63639,3.57222,-11.95618,-7.25243,0.63554,-7.20966,-7.30066,10.32388,-0.75329,-16.87125,-1.53114,-2.92055,-10.28147,5.29705,-6.86422,-8.71429,-1.76997,-9.58090,-18.20654,6.96493,-10.06754,-15.10393
Sorbitol,OC[C@H](O)[C@@H](O)[C@H](O)[C@H](O)CO,[N5555]Br,CCCCC[N+](CCCCC)(CCCCC)CCCCC.[Br-],-1.08023,-3.30411,-15.63639,3.57222,-11.95618,-7.25243,-1.63230,-8.98914,-10.64921,10.35467,-0.43964,-20.56423,-1.64318,-3.37574,-11.08126,5.13774,-7.41217,-8.80683,-2.56675,-9.95439,-19.86503,8.19994,-9.73489,-18.33008
Sorbitol,OC[C@H](O)[C@@H](O)[C@H](O)[C@H](O)CO,Betaine,C[N+](C)(C)CC(=O)[O-],-1.08023,-3.30411,-15.63639,3.57222,-11.95618,-7.25243,6.29354,-1.65929,2.49216,9.01748,-0.86390,-5.66142,0.28225,0.21106,-3.73325,7.34140,-4.16927,-6.90539,0.32886,-8.67228,-15.74843,3.49841,-13.04849,-6.19835
Sorbitol,OC[C@H](O)[C@@H](O)[C@H](O)[C@H](O)CO,ChCl,C[N+](C)(C)CCO.[Cl-],-1.08023,-3.30411,-15.63639,3.57222,-11.95618,-7.25243,5.74815,-1.94240,1.34719,8.54801,-0.49990,-6.70093,2.29204,1.71342,-1.34251,7.23540,-1.90252,-6.67539,0.92618,-9.93560,-13.19539,3.92615,-9.42316,-7.69838
Stearic Acid,CCCCCCCCCCCCCCCCCC(=O)O,[N1111]Cl,C[N+](C)(C)C.[Cl-],-9.57177,-2.97100,-18.86722,3.02143,-2.36476,-19.52390,6.86588,-1.05939,3.40280,9.76692,-0.47605,-5.88808,-0.65420,4.54746,1.38883,16.33452,-0.66279,-14.28290,1.52986,-10.68388,-21.76614,3.82373,-17.85783,-7.73203
Stearic Acid,CCCCCCCCCCCCCCCCCC(=O)O,[N2222]Cl,CC[N+](CC)(CC)CC.[Cl-],-9.57177,-2.97100,-18.86722,3.02143,-2.36476,-19.52390,6.00874,-1.84440,2.04399,11.15151,-0.16825,-8.93927,-4.64593,2.57480,-5.95620,11.36704,-1.03178,-16.29147,-1.34831,-11.39261,-25.13721,3.56696,-18.19964,-10.50452
Stearic Acid,CCCCCCCCCCCCCCCCCC(=O)O,[N3333]Cl,CCC[N+](CCC)(CCC)CCC.[Cl-],-9.57177,-2.97100,-18.86722,3.02143,-2.36476,-19.52390,4.50968,-2.69399,-0.77630,11.56310,-0.15778,-12.18162,-6.18011,1.62203,-9.40096,9.01959,-1.28570,-17.13485,-4.10913,-12.59413,-29.05946,3.52950,-18.83206,-13.75689
Stearic Acid,CCCCCCCCCCCCCCCCCC(=O)O,[N4444]Cl,CCCC[N+](CCCC)(CCCC)CCCC.[Cl-],-10.99726,-3.87778,-17.59321,6.46371,-3.98637,-20.07055,-6.64678,-14.44237,-34.02501,3.60409,-20.65467,-16.97443,-9.57177,-2.97100,-18.86722,3.02143,-2.36476,-19.52390,0.74069,-9.75154,-7.15157,10.96627,-0.57698,-17.54086
Stearic Acid,CCCCCCCCCCCCCCCCCC(=O)O,Betaine,C[N+](C)(C)CC(=O)[O-],-9.57177,-2.97100,-18.86722,3.02143,-2.36476,-19.52390,6.29354,-1.65929,2.49216,9.01748,-0.86390,-5.66142,-2.79455,3.18217,-3.22809,14.33142,-1.44170,-16.11781,0.87890,-9.34077,-21.55883,3.66966,-18.33015,-6.89833
Stearic Acid,CCCCCCCCCCCCCCCCCC(=O)O,ChCl,C[N+](C)(C)CCO.[Cl-],-9.57177,-2.97100,-18.86722,3.02143,-2.36476,-19.52390,5.74815,-1.94240,1.34719,8.54801,-0.49990,-6.70093,-0.06175,4.62894,-0.41527,15.23365,-0.64186,-15.00706,3.29536,-9.53099,-16.49768,4.76798,-12.77329,-8.49237
Suberic Acid,O=C(O)CCCCCCC(=O)O,ChCl,C[N+](C)(C)CCO.[Cl-],-0.55281,0.98915,-7.64795,4.53848,-3.51097,-8.67546,5.74815,-1.94240,1.34719,8.54801,-0.49990,-6.70093,1.28169,3.35312,-0.62569,8.47549,-1.31007,-7.79111,2.60645,-7.07078,-10.60418,4.95224,-7.95233,-7.60409
Succinic Acid,O=C(O)CCC(=O)O,[N2222]Br,CC[N+](CC)(CC)CC.[Br-],0.96260,2.82168,-3.43066,3.56745,-2.49652,-4.50159,5.56309,-0.46294,2.58609,10.65908,-0.08540,-7.98759,0.41385,3.78332,-0.60051,4.96005,-0.98937,-4.57119,-0.17308,-6.10061,-10.47049,5.34443,-6.92459,-8.89033
Succinic Acid,O=C(O)CCC(=O)O,ChCl,C[N+](C)(C)CCO.[Cl-],0.96260,2.82168,-3.43066,3.56745,-2.49652,-4.50159,5.74815,-1.94240,1.34719,8.54801,-0.49990,-6.70093,0.52238,3.52678,-1.16378,5.06844,-1.40112,-4.83110,1.55330,-6.35008,-9.19650,4.54301,-6.74220,-6.99731
Sucrose,OC[C@H]1O[C@H](O[C@]2(CO)O[C@H](CO)[C@@H](O)[C@@H]2O)[C@H](O)[C@@H](O)[C@@H]1O,ChCl,C[N+](C)(C)CCO.[Cl-],4.29903,-5.22370,-14.44661,7.56539,-12.00636,-10.00564,5.74815,-1.94240,1.34719,8.54801,-0.49990,-6.70093,5.77149,-2.22852,-2.53265,10.89873,-3.45769,-9.97369,3.01397,-5.46247,-6.96212,5.07202,-4.95722,-7.07692
Tartaric Acid,O=C(O)[C@@H](O)[C@H](O)C(=O)O,ChCl,C[N+](C)(C)CCO.[Cl-],2.20028,0.92924,-5.71536,3.96328,-5.66860,-4.01004,5.74815,-1.94240,1.34719,8.54801,-0.49990,-6.70093,1.10836,1.91374,-2.69370,4.97117,-2.57438,-5.09049,-0.69669,-7.81554,-12.14622,3.73379,-9.02461,-6.85540
Tetradecan-1-ol,CCCCCCCCCCCCCCO,[N1111]Cl,C[N+](C)(C)C.[Cl-],-9.22476,-2.68996,-17.49076,1.96863,-3.30499,-16.15439,6.86588,-1.05939,3.40280,9.76692,-0.47605,-5.88808,-0.86399,5.01376,1.24683,13.16421,-0.42589,-11.49149,4.03245,-10.75565,-16.43776,4.45636,-12.99150,-7.90262
Tetradecan-1-ol,CCCCCCCCCCCCCCO,[N4444]Cl,CCCC[N+](CCCC)(CCCC)CCCC.[Cl-],-9.22476,-2.68996,-17.49076,1.96863,-3.30499,-16.15439,0.74069,-9.75154,-7.15157,10.96627,-0.57698,-17.54086,-8.83134,-1.53771,-13.55966,5.16500,-2.55749,-16.16717,-4.12006,-14.88718,-28.24909,4.12651,-14.98301,-17.39260
Tetradecan-1-ol,CCCCCCCCCCCCCCO,ChCl,C[N+](C)(C)CCO.[Cl-],-9.22476,-2.68996,-17.49076,1.96863,-3.30499,-16.15439,5.74815,-1.94240,1.34719,8.54801,-0.49990,-6.70093,-0.44004,5.05955,-0.23161,12.28066,-0.41897,-12.09330,5.07517,-9.98992,-12.05257,5.34530,-8.70585,-8.69202
Tetradecan-1-ol,CCCCCCCCCCCCCCO,Menthol,CC(C)[C@@H]1CC[C@@H](C)C[C@H]1O,-9.22476,-2.68996,-17.49076,1.96863,-3.30499,-16.15439,-5.94429,-0.46225,-10.80443,1.58066,-2.22004,-10.16505,-9.14679,-2.54722,-17.06658,2.20075,-3.21344,-16.05389,-5.99223,-0.56454,-11.03713,1.45976,-2.27034,-10.22654
Tetradecan-1-ol,CCCCCCCCCCCCCCO,Thymol,Cc1ccc(C(C)C)c(O)c1,-9.22476,-2.68996,-17.49076,1.96863,-3.30499,-16.15439,-4.29055,-0.07277,-7.80905,2.63511,-0.82965,-9.61451,-9.70300,-2.66252,-16.73921,3.09512,-4.10695,-15.72738,-5.20507,-0.97869,-10.78663,1.81590,-2.91920,-9.68332
Thiourea,NC(N)=S,ChCl,C[N+](C)(C)CCO.[Cl-],0.73099,0.32222,-3.73522,2.68651,-1.53169,-4.89004,5.74815,-1.94240,1.34719,8.54801,-0.49990,-6.70093,0.26785,1.67002,-1.74232,3.34789,-0.88765,-4.20256,0.82698,-7.02034,-8.22508,3.89040,-3.56250,-8.55298
Thymol,Cc1ccc(C(C)C)c(O)c1,Betaine,C[N+](C)(C)CC(=O)[O-],-4.29055,-0.07277,-7.80905,2.63511,-0.82965,-9.61451,6.29354,-1.65929,2.49216,9.01748,-0.86390,-5.66142,-2.76513,3.16852,-2.52595,6.71066,-1.33819,-7.89842,-6.48938,-15.35096,-25.64578,2.69449,-21.33576,-7.00451
Thymol,Cc1ccc(C(C)C)c(O)c1,ChCl,C[N+](C)(C)CCO.[Cl-],-4.29055,-0.07277,-7.80905,2.63511,-0.82965,-9.61451,5.74815,-1.94240,1.34719,8.54801,-0.49990,-6.70093,-1.32979,4.12634,-0.91331,7.05674,-0.58399,-7.38606,-4.33378,-15.72949,-23.33019,3.17033,-17.89245,-8.60806
Thymol,Cc1ccc(C(C)C)c(O)c1,DL-camphor,CC12CCC(CC1=O)C2(C)C,-4.29055,-0.07277,-7.80905,2.63511,-0.82965,-9.61451,-3.00457,2.35763,-4.86115,3.06431,0.00000,-7.92546,-3.82078,2.10126,-6.55766,2.79992,-0.74022,-8.61737,-5.45500,-1.05568,-10.10670,1.89717,-3.23668,-8.76720
Thymol,Cc1ccc(C(C)C)c(O)c1,Hexadecan-1-ol,CCCCCCCCCCCCCCCCO,-4.29055,-0.07277,-7.80905,2.63511,-0.82965,-9.61451,-10.05330,-2.93028,-18.91103,2.13648,-2.95604,-18.09147,-4.92394,-0.48007,-10.48497,1.83879,-2.67931,-9.64445,-10.79263,-3.45715,-18.34905,3.42062,-4.09672,-17.67295
Thymol,Cc1ccc(C(C)C)c(O)c1,Ibuprofen,CC(C)Cc1ccc(C(C)C(=O)O)cc1,-4.29055,-0.07277,-7.80905,2.63511,-0.82965,-9.61451,-4.59963,-1.03863,-10.81587,3.22439,-2.28308,-11.75718,-4.20733,0.51595,-8.06109,2.48283,-1.17008,-9.37385,-5.46642,-2.28597,-11.68959,3.14320,-2.76284,-12.06994
Thymol,Cc1ccc(C(C)C)c(O)c1,Myristic Acid,CCCCCCCCCCCCCC(=O)O,-4.29055,-0.07277,-7.80905,2.63511,-0.82965,-9.61451,-7.76650,-2.18620,-15.75552,2.70166,-2.79808,-15.65911,-4.46691,-0.11579,-8.89019,2.06418,-1.45895,-9.49543,-8.13830,-2.53590,-15.23469,3.43799,-3.03851,-15.63417
Thymol,Cc1ccc(C(C)C)c(O)c1,Octadecan-1-ol,CCCCCCCCCCCCCCCCCCO,-4.29055,-0.07277,-7.80905,2.63511,-0.82965,-9.61451,-10.96159,-3.33138,-20.45348,2.27490,-2.70342,-20.02496,-4.74414,-0.17310,-10.26916,1.85077,-2.50391,-9.61602,-11.88138,-4.25063,-19.96200,3.74374,-4.09661,-19.60913
Thymol,Cc1ccc(C(C)C)c(O)c1,Palmitic Acid,CCCCCCCCCCCCCCCC(=O)O,-4.29055,-0.07277,-7.80905,2.63511,-0.82965,-9.61451,-8.64770,-2.54582,-17.25203,2.87898,-2.52950,-17.60151,-4.31171,0.18964,-8.71674,2.07459,-1.31476,-9.47656,-9.22965,-3.32812,-16.84325,3.76398,-3.02309,-17.58414
Thymol,Cc1ccc(C(C)C)c(O)c1,Stearic Acid,CCCCCCCCCCCCCCCCCC(=O)O,-4.29055,-0.07277,-7.80905,2.63511,-0.82965,-9.61451,-9.57177,-2.97100,-18.86722,3.02143,-2.36476,-19.52390,-4.21965,0.38974,-8.63524,2.07134,-1.24397,-9.46261,-10.36207,-4.13290,-18.54515,4.07181,-3.10528,-19.51168
trans-Cinnamic acid,O=C(O)/C=C/c1ccccc1,ChCl,C[N+](C)(C)CCO.[Cl-],-2.06364,1.27728,-6.42107,3.34666,-1.51722,-8.25052,5.74815,-1.94240,1.34719,8.54801,-0.49990,-6.70093,-0.39063,3.58883,-0.63431,6.76072,-0.66711,-6.72793,3.04190,-7.15339,-10.50390,4.77522,-7.35752,-7.92159
Tricarballylic acid,O=C(O)CC(CC(=O)O)C(=O)O,ChCl,C[N+](C)(C)CCO.[Cl-],1.76517,0.89008,-5.46047,4.36780,-4.34187,-5.48639,5.74815,-1.94240,1.34719,8.54801,-0.49990,-6.70093,1.16445,2.17515,-2.06434,6.32813,-2.19889,-6.19358,-0.03503,-7.82665,-12.16781,3.97717,-9.07082,-7.07416
Triethylene glycol,OCCOCCOCCO,[N3333]Br,CCC[N+](CCC)(CCC)CCC.[Br-],-5.04403,-6.33008,-16.11577,3.07457,-10.03765,-9.15269,4.53650,-1.62181,0.04983,11.35263,-0.10913,-11.19366,0.80610,3.11740,-1.58897,6.58081,-0.82729,-7.34249,-3.55337,-18.65929,-21.30959,5.06651,-12.53827,-13.83783
Triethylene glycol,OCCOCCOCCO,[N4444]Cl,CCCC[N+](CCCC)(CCCC)CCCC.[Cl-],-5.04403,-6.33008,-16.11577,3.07457,-10.03765,-9.15269,0.74069,-9.75154,-7.15157,10.96627,-0.57698,-17.54086,-4.20709,-2.70930,-10.39496,5.27657,-5.96909,-9.70244,-7.79685,-21.89286,-30.34184,5.27220,-18.75918,-16.85486
Triethylene glycol,OCCOCCOCCO,ChCl,C[N+](C)(C)CCO.[Cl-],-5.04403,-6.33008,-16.11577,3.07457,-10.03765,-9.15269,5.74815,-1.94240,1.34719,8.54801,-0.49990,-6.70093,1.71973,3.43086,-0.16169,8.06875,-0.99947,-7.23096,-0.13631,-17.37780,-16.42120,3.55804,-11.67530,-8.30394
Triethylene glycol,OCCOCCOCCO,Methyltriphenylphosphonium bromide,C[P+](c1ccccc1)(c1ccccc1)c1ccccc1.[Br-],-5.04403,-6.33008,-16.11577,3.07457,-10.03765,-9.15269,2.65088,-6.90471,-5.34739,10.36008,-0.57478,-15.13269,0.72832,2.48898,-3.87083,5.70637,-1.40854,-8.16867,-4.93097,-25.78150,-23.74083,5.26781,-13.02148,-15.98716
Triethylene glycol,OCCOCCOCCO,"N,N-Diethylethanolammonium chloride",CC[NH+](CC)CCO.[Cl-],-5.04403,-6.33008,-16.11577,3.07457,-10.03765,-9.15269,1.56555,-2.38187,-3.11549,6.15047,-0.34467,-8.92129,-0.65648,0.70532,-5.77664,5.59205,-2.29307,-9.07562,-0.54069,-9.21661,-10.01090,3.79391,-4.83414,-8.97067
Urea,NC(N)=O,[N2222]Br,CC[N+](CC)(CC)CC.[Br-],0.54428,0.55221,-4.72317,2.17601,-3.56890,-3.33028,5.56309,-0.46294,2.58609,10.65908,-0.08540,-7.98759,1.99271,3.33727,0.65366,3.95949,-0.49183,-2.81400,2.60033,-6.19040,-7.01684,6.18695,-3.93933,-9.26446
Urea,NC(N)=O,"2-(Acetoxy)-N,N,N-trimethylethanaminium chloride",CC(=O)OCC[N+](C)(C)C.[Cl-],0.54428,0.55221,-4.72317,2.17601,-3.56890,-3.33028,5.39388,-6.77938,-3.10119,9.49820,-2.10826,-10.49113,0.07838,0.55688,-3.59333,2.78317,-2.50722,-3.86928,3.26821,-8.47422,-9.04287,6.34785,-5.55127,-9.83945
Urea,NC(N)=O,"2-Chloro-N,N,N-trimethylethanaminium chloride",C[N+](C)(C)CCCl.[Cl-],0.54428,0.55221,-4.72317,2.17601,-3.56890,-3.33028,5.04693,-2.22077,-1.07615,8.50296,-1.04412,-8.53500,1.13311,2.15303,-1.59747,3.28047,-1.31292,-3.56502,2.08691,-6.27636,-7.98775,5.22735,-4.75726,-8.45784
Urea,NC(N)=O,"2-Fluoro-N,N,N-trimethylethanaminium chloride",C[N+](C)(C)CCF.[Cl-],0.54428,0.55221,-4.72317,2.17601,-3.56890,-3.33028,6.28436,-3.42096,0.20875,8.74186,-1.23302,-7.30009,0.99203,2.12113,-1.38061,3.36077,-1.37013,-3.37125,2.93911,-8.08366,-7.83250,5.00093,-5.24723,-7.58620
Urea,NC(N)=O,Betaine,C[N+](C)(C)CC(=O)[O-],0.54428,0.55221,-4.72317,2.17601,-3.56890,-3.33028,6.29354,-1.65929,2.49216,9.01748,-0.86390,-5.66142,0.62241,1.92668,-1.17912,3.58566,-1.57894,-3.18584,2.95468,-5.74654,-6.48836,4.52647,-4.87486,-6.13998
Urea,NC(N)=O,ChCl,C[N+](C)(C)CCO.[Cl-],0.54428,0.55221,-4.72317,2.17601,-3.56890,-3.33028,5.74815,-1.94240,1.34719,8.54801,-0.49990,-6.70093,1.48600,2.80585,-0.33501,3.50721,-0.76481,-3.07740,2.40227,-7.50649,-7.01521,4.74075,-4.21190,-7.54406
Urea,NC(N)=O,Sulfathiazole,Nc1ccc(S(=O)(=O)Nc2nccs2)cc1,0.54428,0.55221,-4.72317,2.17601,-3.56890,-3.33028,-0.72707,-0.96778,-5.47625,5.28816,-0.53124,-10.23316,2.08509,2.19458,-1.61399,2.81336,-0.98818,-3.43918,-0.05964,-1.96492,-6.53858,5.91139,-2.41728,-10.03269
Xylitol,OC[C@H](O)[C@@H](O)[C@H](O)CO,[N4444]Br,CCCC[N+](CCCC)(CCCC)CCCC.[Br-],-1.33173,-2.23136,-14.62478,3.22194,-11.13640,-6.71032,0.63554,-7.20966,-7.30066,10.32388,-0.75329,-16.87125,-1.49220,-1.73334,-9.15672,4.77684,-6.12563,-7.80793,-1.48387,-9.44602,-18.09940,7.07812,-9.86542,-15.31209
Xylitol,OC[C@H](O)[C@@H](O)[C@H](O)CO,[N5555]Br,CCCCC[N+](CCCCC)(CCCCC)CCCCC.[Br-],-1.33173,-2.23136,-14.62478,3.22194,-11.13640,-6.71032,-1.63230,-8.98914,-10.64921,10.35467,-0.43964,-20.56423,-1.59768,-2.13766,-9.86375,4.62913,-6.60153,-7.89136,-2.28566,-9.82332,-19.82391,8.29126,-9.52696,-18.58821
Xylitol,OC[C@H](O)[C@@H](O)[C@H](O)CO,ChCl,C[N+](C)(C)CCO.[Cl-],-1.33173,-2.23136,-14.62478,3.22194,-11.13640,-6.71032,5.74815,-1.94240,1.34719,8.54801,-0.49990,-6.70093,1.89621,2.35156,-1.15268,6.52484,-1.69856,-5.97895,1.20289,-9.80710,-12.99244,4.06648,-9.27192,-7.78700
Xylose,O[C@H]1OC[C@@H](O)[C@H](O)[C@H]1O,ChCl,C[N+](C)(C)CCO.[Cl-],-0.06826,0.44162,-7.83392,3.41410,-5.56349,-5.68453,5.74815,-1.94240,1.34719,8.54801,-0.49990,-6.70093,0.64786,2.45078,-1.28167,5.65986,-1.48167,-5.45985,1.98711,-7.13609,-9.77193,4.35264,-6.75352,-7.37105
